MATCHNUMBAT,BATTINGTEAM,BATTINGPOSITION,BATSMANNAME,BATSMANURL,RUNSSCORED,BALLSFACED,NUMBEROFFORES,NUMBEROFSIX,STRIKERATE
1,Namibia,1,"Michael van Lingen","https://www.espncricinfo.com/cricketers/michael-van-lingen-833777",3,6,0,0,50.0000
1,Namibia,2,"Divan la Cock","https://www.espncricinfo.com/cricketers/divan-la-cock-1178065",9,9,1,0,100.0000
1,Namibia,3,"Jan Nicol Loftie-Eaton","https://www.espncricinfo.com/cricketers/jan-nicol-loftie-eaton-1071473",20,12,1,2,166.6600
1,Namibia,4,"Stephan Baard","https://www.espncricinfo.com/cricketers/stephan-baard-437927",26,24,2,0,108.3300
1,Namibia,5,"Gerhard Erasmus(c)","https://www.espncricinfo.com/cricketers/gerhard-erasmus-519070",20,24,0,0,83.3300
1,Namibia,6,"Jan Frylinck","https://www.espncricinfo.com/cricketers/jan-frylinck-482478",44,28,4,0,157.1400
1,Namibia,7,"David Wiese","https://www.espncricinfo.com/cricketers/david-wiese-221140",0,1,0,0,0.0000
1,Namibia,8,"JJ Smit","https://www.espncricinfo.com/cricketers/jj-smit-553821",31,16,2,2,193.7500
1,"Sri Lanka",1,"Pathum Nissanka","https://www.espncricinfo.com/cricketers/pathum-nissanka-1028655",9,10,1,0,90.0000
1,"Sri Lanka",2,"Kusal Mendis†","https://www.espncricinfo.com/cricketers/kusal-mendis-629074",6,6,0,0,100.0000
1,"Sri Lanka",3,"Dhananjaya de Silva","https://www.espncricinfo.com/cricketers/dhananjaya-de-silva-465793",12,11,1,0,109.0900
1,"Sri Lanka",4,"Danushka Gunathilaka","https://www.espncricinfo.com/cricketers/danushka-gunathilaka-345821",0,1,0,0,0.0000
1,"Sri Lanka",5,"Bhanuka Rajapaksa","https://www.espncricinfo.com/cricketers/bhanuka-rajapaksa-342619",20,21,2,0,95.2300
1,"Sri Lanka",6,"Dasun Shanaka(c)","https://www.espncricinfo.com/cricketers/dasun-shanaka-437316",29,23,2,1,126.0800
1,"Sri Lanka",7,"Wanindu Hasaranga","https://www.espncricinfo.com/cricketers/wanindu-hasaranga-784379",4,8,0,0,50.0000
1,"Sri Lanka",8,"Chamika Karunaratne","https://www.espncricinfo.com/cricketers/chamika-karunaratne-623695",5,8,0,0,62.5000
1,"Sri Lanka",9,"Pramod Madushan","https://www.espncricinfo.com/cricketers/pramod-madushan-826689",0,0,0,0,0.0000
1,"Sri Lanka",10,"Dushmantha Chameera","https://www.espncricinfo.com/cricketers/dushmantha-chameera-552152",8,15,0,0,53.3300
1,"Sri Lanka",11,"Maheesh Theekshana","https://www.espncricinfo.com/cricketers/maheesh-theekshana-1138316",11,11,0,1,100.0000
2,"United Arab Emirates",1,"Chirag Suri","https://www.espncricinfo.com/cricketers/chirag-suri-534734",12,20,1,0,60.0000
2,"United Arab Emirates",2,"Muhammad Waseem","https://www.espncricinfo.com/cricketers/muhammad-waseem-1241277",41,47,1,2,87.2300
2,"United Arab Emirates",3,"Kashif Daud","https://www.espncricinfo.com/cricketers/kashif-daud-229225",15,14,0,1,107.1400
2,"United Arab Emirates",4,"Vriitya Aravind†","https://www.espncricinfo.com/cricketers/vriitya-aravind-1178586",18,21,0,0,85.7100
2,"United Arab Emirates",5,"Zawar Farid","https://www.espncricinfo.com/cricketers/zawar-farid-1196500",2,4,0,0,50.0000
2,"United Arab Emirates",6,"Basil Hameed","https://www.espncricinfo.com/cricketers/basil-hameed-1209110",4,4,1,0,100.0000
2,"United Arab Emirates",7,"CP Rizwan(c)","https://www.espncricinfo.com/cricketers/cp-rizwan-474760",1,2,0,0,50.0000
2,"United Arab Emirates",8,"Aayan Afzal Khan","https://www.espncricinfo.com/cricketers/aayan-afzal-khan-1241265",5,7,0,0,71.4200
2,"United Arab Emirates",9,"Karthik Meiyappan","https://www.espncricinfo.com/cricketers/karthik-meiyappan-1058987",0,0,0,0,0.0000
2,"United Arab Emirates",10,"Junaid Siddique","https://www.espncricinfo.com/cricketers/junaid-siddique-1203754",0,1,0,0,0.0000
2,Netherlands,1,"Vikramjit Singh","https://www.espncricinfo.com/cricketers/vikramjit-singh-1153767",10,7,2,0,142.8500
2,Netherlands,2,"Max O'Dowd","https://www.espncricinfo.com/cricketers/max-o-dowd-643197",23,18,3,1,127.7700
2,Netherlands,3,"Bas de Leede","https://www.espncricinfo.com/cricketers/bas-de-leede-1036191",14,18,1,0,77.7700
2,Netherlands,4,"Colin Ackermann","https://www.espncricinfo.com/cricketers/colin-ackermann-379774",17,19,1,0,89.4700
2,Netherlands,5,"Tom Cooper","https://www.espncricinfo.com/cricketers/tom-cooper-219885",8,16,0,0,50.0000
2,Netherlands,6,"Scott Edwards(c)†","https://www.espncricinfo.com/cricketers/scott-edwards-1127317",16,19,0,0,84.2100
2,Netherlands,7,"Roelof van der Merwe","https://www.espncricinfo.com/cricketers/roelof-van-der-merwe-47850",0,2,0,0,0.0000
2,Netherlands,8,"Tim Pringle","https://www.espncricinfo.com/cricketers/tim-pringle-1193548",15,16,0,0,93.7500
2,Netherlands,9,"Logan van Beek","https://www.espncricinfo.com/cricketers/logan-van-beek-440522",4,4,0,0,100.0000
3,Scotland,1,"George Munsey","https://www.espncricinfo.com/cricketers/george-munsey-671805",66,53,9,0,124.5200
3,Scotland,2,"Michael Jones","https://www.espncricinfo.com/cricketers/michael-jones-1093091",20,17,3,0,117.6400
3,Scotland,3,"Matthew Cross†","https://www.espncricinfo.com/cricketers/matthew-cross-417268",3,5,0,0,60.0000
3,Scotland,4,"Richie Berrington(c)","https://www.espncricinfo.com/cricketers/richie-berrington-25490",16,14,0,1,114.2800
3,Scotland,5,"Calum MacLeod","https://www.espncricinfo.com/cricketers/calum-macleod-232435",23,14,4,0,164.2800
3,Scotland,6,"Michael Leask","https://www.espncricinfo.com/cricketers/michael-leask-414966",4,6,0,0,66.6600
3,Scotland,7,"Chris Greaves","https://www.espncricinfo.com/cricketers/chris-greaves-873199",16,11,2,0,145.4500
3,"West Indies",1,"Kyle Mayers","https://www.espncricinfo.com/cricketers/kyle-mayers-348056",20,13,3,1,153.8400
3,"West Indies",2,"Evin Lewis","https://www.espncricinfo.com/cricketers/evin-lewis-431901",14,13,1,1,107.6900
3,"West Indies",3,"Brandon King","https://www.espncricinfo.com/cricketers/brandon-king-670035",17,15,3,0,113.3300
3,"West Indies",4,"Nicholas Pooran(c)†","https://www.espncricinfo.com/cricketers/nicholas-pooran-604302",5,9,0,0,55.5500
3,"West Indies",5,"Shamarh Brooks","https://www.espncricinfo.com/cricketers/shamarh-brooks-230555",4,9,0,0,44.4400
3,"West Indies",6,"Rovman Powell","https://www.espncricinfo.com/cricketers/rovman-powell-820351",5,6,0,0,83.3300
3,"West Indies",7,"Jason Holder","https://www.espncricinfo.com/cricketers/jason-holder-391485",38,33,4,1,115.1500
3,"West Indies",8,"Akeal Hosein","https://www.espncricinfo.com/cricketers/akeal-hosein-530812",1,1,0,0,100.0000
3,"West Indies",9,"Alzarri Joseph","https://www.espncricinfo.com/cricketers/alzarri-joseph-670031",0,1,0,0,0.0000
3,"West Indies",10,"Odean Smith","https://www.espncricinfo.com/cricketers/odean-smith-820691",5,8,0,0,62.5000
3,"West Indies",11,"Obed McCoy","https://www.espncricinfo.com/cricketers/obed-mccoy-906783",2,3,0,0,66.6600
4,Zimbabwe,1,"Regis Chakabva†","https://www.espncricinfo.com/cricketers/regis-chakabva-293831",0,2,0,0,0.0000
4,Zimbabwe,2,"Craig Ervine(c)","https://www.espncricinfo.com/cricketers/craig-ervine-55412",9,12,1,0,75.0000
4,Zimbabwe,3,"Wessly Madhevere","https://www.espncricinfo.com/cricketers/wessly-madhevere-938959",22,19,4,0,115.7800
4,Zimbabwe,4,"Sean Williams","https://www.espncricinfo.com/cricketers/sean-williams-55870",12,11,0,1,109.0900
4,Zimbabwe,5,"Sikandar Raza","https://www.espncricinfo.com/cricketers/sikandar-raza-299572",82,48,5,5,170.8300
4,Zimbabwe,6,"Milton Shumba","https://www.espncricinfo.com/cricketers/milton-shumba-951781",16,14,1,0,114.2800
4,Zimbabwe,7,"Ryan Burl","https://www.espncricinfo.com/cricketers/ryan-burl-495964",1,4,0,0,25.0000
4,Zimbabwe,8,"Luke Jongwe","https://www.espncricinfo.com/cricketers/luke-jongwe-541224",20,10,3,0,200.0000
4,Ireland,1,"Paul Stirling","https://www.espncricinfo.com/cricketers/paul-stirling-303427",0,2,0,0,0.0000
4,Ireland,2,"Andy Balbirnie(c)","https://www.espncricinfo.com/cricketers/andy-balbirnie-303423",3,4,0,0,75.0000
4,Ireland,3,"Lorcan Tucker†","https://www.espncricinfo.com/cricketers/lorcan-tucker-928057",11,11,2,0,100.0000
4,Ireland,4,"Harry Tector","https://www.espncricinfo.com/cricketers/harry-tector-961407",1,4,0,0,25.0000
4,Ireland,5,"Curtis Campher","https://www.espncricinfo.com/cricketers/curtis-campher-595921",27,22,1,0,122.7200
4,Ireland,6,"George Dockrell","https://www.espncricinfo.com/cricketers/george-dockrell-348034",24,20,3,0,120.0000
4,Ireland,7,"Gareth Delany","https://www.espncricinfo.com/cricketers/gareth-delany-1099379",24,20,1,1,120.0000
4,Ireland,8,"Mark Adair","https://www.espncricinfo.com/cricketers/mark-adair-526441",9,10,0,1,90.0000
4,Ireland,9,"Simi Singh","https://www.espncricinfo.com/cricketers/simi-singh-1005257",0,1,0,0,0.0000
4,Ireland,10,"Barry McCarthy","https://www.espncricinfo.com/cricketers/barry-mccarthy-348059",22,16,1,2,137.5000
4,Ireland,11,"Josh Little","https://www.espncricinfo.com/cricketers/josh-little-928067",7,11,1,0,63.6300
5,Namibia,1,"Michael van Lingen","https://www.espncricinfo.com/cricketers/michael-van-lingen-833777",20,19,3,0,105.2600
5,Namibia,2,"Divan la Cock","https://www.espncricinfo.com/cricketers/divan-la-cock-1178065",0,2,0,0,0.0000
5,Namibia,3,"Stephan Baard","https://www.espncricinfo.com/cricketers/stephan-baard-437927",19,22,0,0,86.3600
5,Namibia,4,"Jan Nicol Loftie-Eaton","https://www.espncricinfo.com/cricketers/jan-nicol-loftie-eaton-1071473",0,2,0,0,0.0000
5,Namibia,5,"Jan Frylinck","https://www.espncricinfo.com/cricketers/jan-frylinck-482478",43,48,1,1,89.5800
5,Namibia,6,"Gerhard Erasmus(c)","https://www.espncricinfo.com/cricketers/gerhard-erasmus-519070",16,18,0,0,88.8800
5,Namibia,7,"David Wiese","https://www.espncricinfo.com/cricketers/david-wiese-221140",11,5,1,0,220.0000
5,Namibia,8,"JJ Smit","https://www.espncricinfo.com/cricketers/jj-smit-553821",5,4,1,0,125.0000
5,Netherlands,1,"Max O'Dowd","https://www.espncricinfo.com/cricketers/max-o-dowd-643197",35,35,1,1,100.0000
5,Netherlands,2,"Vikramjit Singh","https://www.espncricinfo.com/cricketers/vikramjit-singh-1153767",39,31,3,2,125.8000
5,Netherlands,3,"Bas de Leede","https://www.espncricinfo.com/cricketers/bas-de-leede-1036191",30,30,2,0,100.0000
5,Netherlands,4,"Tom Cooper","https://www.espncricinfo.com/cricketers/tom-cooper-219885",6,6,1,0,100.0000
5,Netherlands,5,"Colin Ackermann","https://www.espncricinfo.com/cricketers/colin-ackermann-379774",0,2,0,0,0.0000
5,Netherlands,6,"Scott Edwards(c)†","https://www.espncricinfo.com/cricketers/scott-edwards-1127317",1,5,0,0,20.0000
5,Netherlands,7,"Tim Pringle","https://www.espncricinfo.com/cricketers/tim-pringle-1193548",8,9,0,0,88.8800
6,"Sri Lanka",1,"Pathum Nissanka","https://www.espncricinfo.com/cricketers/pathum-nissanka-1028655",74,60,6,2,123.3300
6,"Sri Lanka",2,"Kusal Mendis†","https://www.espncricinfo.com/cricketers/kusal-mendis-629074",18,13,2,0,138.4600
6,"Sri Lanka",3,"Dhananjaya de Silva","https://www.espncricinfo.com/cricketers/dhananjaya-de-silva-465793",33,21,3,1,157.1400
6,"Sri Lanka",4,"Bhanuka Rajapaksa","https://www.espncricinfo.com/cricketers/bhanuka-rajapaksa-342619",5,8,0,0,62.5000
6,"Sri Lanka",5,"Charith Asalanka","https://www.espncricinfo.com/cricketers/charith-asalanka-784367",0,1,0,0,0.0000
6,"Sri Lanka",6,"Dasun Shanaka(c)","https://www.espncricinfo.com/cricketers/dasun-shanaka-437316",0,1,0,0,0.0000
6,"Sri Lanka",7,"Wanindu Hasaranga","https://www.espncricinfo.com/cricketers/wanindu-hasaranga-784379",2,3,0,0,66.6600
6,"Sri Lanka",8,"Chamika Karunaratne","https://www.espncricinfo.com/cricketers/chamika-karunaratne-623695",8,11,1,0,72.7200
6,"Sri Lanka",9,"Pramod Madushan","https://www.espncricinfo.com/cricketers/pramod-madushan-826689",1,1,0,0,100.0000
6,"Sri Lanka",10,"Dushmantha Chameera","https://www.espncricinfo.com/cricketers/dushmantha-chameera-552152",1,1,0,0,100.0000
6,"United Arab Emirates",1,"Muhammad Waseem","https://www.espncricinfo.com/cricketers/muhammad-waseem-1241277",2,4,0,0,50.0000
6,"United Arab Emirates",2,"Chirag Suri","https://www.espncricinfo.com/cricketers/chirag-suri-534734",14,19,3,0,73.6800
6,"United Arab Emirates",3,"Aryan Lakra","https://www.espncricinfo.com/cricketers/aryan-lakra-1058989",1,3,0,0,33.3300
6,"United Arab Emirates",4,"CP Rizwan(c)","https://www.espncricinfo.com/cricketers/cp-rizwan-474760",1,3,0,0,33.3300
6,"United Arab Emirates",5,"Vriitya Aravind†","https://www.espncricinfo.com/cricketers/vriitya-aravind-1178586",9,18,1,0,50.0000
6,"United Arab Emirates",6,"Basil Hameed","https://www.espncricinfo.com/cricketers/basil-hameed-1209110",2,6,0,0,33.3300
6,"United Arab Emirates",7,"Aayan Afzal Khan","https://www.espncricinfo.com/cricketers/aayan-afzal-khan-1241265",19,21,1,0,90.4700
6,"United Arab Emirates",8,"Kashif Daud","https://www.espncricinfo.com/cricketers/kashif-daud-229225",0,4,0,0,0.0000
6,"United Arab Emirates",9,"Karthik Meiyappan","https://www.espncricinfo.com/cricketers/karthik-meiyappan-1058987",4,8,0,0,50.0000
6,"United Arab Emirates",10,"Junaid Siddique","https://www.espncricinfo.com/cricketers/junaid-siddique-1203754",18,16,1,1,112.5000
6,"United Arab Emirates",11,"Zahoor Khan","https://www.espncricinfo.com/cricketers/zahoor-khan-384525",1,1,0,0,100.0000
7,Scotland,1,"George Munsey","https://www.espncricinfo.com/cricketers/george-munsey-671805",1,2,0,0,50.0000
7,Scotland,2,"Michael Jones","https://www.espncricinfo.com/cricketers/michael-jones-1093091",86,55,6,4,156.3600
7,Scotland,3,"Matthew Cross†","https://www.espncricinfo.com/cricketers/matthew-cross-417268",28,21,5,0,133.3300
7,Scotland,4,"Richie Berrington(c)","https://www.espncricinfo.com/cricketers/richie-berrington-25490",37,27,3,1,137.0300
7,Scotland,5,"Michael Leask","https://www.espncricinfo.com/cricketers/michael-leask-414966",17,13,2,0,130.7600
7,Scotland,6,"Calum MacLeod","https://www.espncricinfo.com/cricketers/calum-macleod-232435",0,3,0,0,0.0000
7,Ireland,1,"Paul Stirling","https://www.espncricinfo.com/cricketers/paul-stirling-303427",8,10,1,0,80.0000
7,Ireland,2,"Andy Balbirnie(c)","https://www.espncricinfo.com/cricketers/andy-balbirnie-303423",14,12,2,0,116.6600
7,Ireland,3,"Lorcan Tucker†","https://www.espncricinfo.com/cricketers/lorcan-tucker-928057",20,17,2,0,117.6400
7,Ireland,4,"Harry Tector","https://www.espncricinfo.com/cricketers/harry-tector-961407",14,16,1,0,87.5000
7,Ireland,5,"Curtis Campher","https://www.espncricinfo.com/cricketers/curtis-campher-595921",72,32,7,2,225.0000
7,Ireland,6,"George Dockrell","https://www.espncricinfo.com/cricketers/george-dockrell-348034",39,27,4,1,144.4400
8,"West Indies",1,"Kyle Mayers","https://www.espncricinfo.com/cricketers/kyle-mayers-348056",13,12,2,0,108.3300
8,"West Indies",2,"Johnson Charles","https://www.espncricinfo.com/cricketers/johnson-charles-333066",45,36,3,2,125.0000
8,"West Indies",3,"Evin Lewis","https://www.espncricinfo.com/cricketers/evin-lewis-431901",15,18,1,0,83.3300
8,"West Indies",4,"Nicholas Pooran(c)†","https://www.espncricinfo.com/cricketers/nicholas-pooran-604302",7,9,0,0,77.7700
8,"West Indies",5,"Rovman Powell","https://www.espncricinfo.com/cricketers/rovman-powell-820351",28,21,1,2,133.3300
8,"West Indies",6,"Shamarh Brooks","https://www.espncricinfo.com/cricketers/shamarh-brooks-230555",0,3,0,0,0.0000
8,"West Indies",7,"Jason Holder","https://www.espncricinfo.com/cricketers/jason-holder-391485",4,3,0,0,133.3300
8,"West Indies",8,"Akeal Hosein","https://www.espncricinfo.com/cricketers/akeal-hosein-530812",23,18,2,0,127.7700
8,"West Indies",9,"Odean Smith","https://www.espncricinfo.com/cricketers/odean-smith-820691",1,2,0,0,50.0000
8,Zimbabwe,1,"Wessly Madhevere","https://www.espncricinfo.com/cricketers/wessly-madhevere-938959",27,19,3,1,142.1000
8,Zimbabwe,2,"Regis Chakabva(c)†","https://www.espncricinfo.com/cricketers/regis-chakabva-293831",13,9,3,0,144.4400
8,Zimbabwe,3,"Tony Munyonga","https://www.espncricinfo.com/cricketers/tony-munyonga-1122853",2,6,0,0,33.3300
8,Zimbabwe,4,"Sean Williams","https://www.espncricinfo.com/cricketers/sean-williams-55870",1,2,0,0,50.0000
8,Zimbabwe,5,"Sikandar Raza","https://www.espncricinfo.com/cricketers/sikandar-raza-299572",14,8,1,1,175.0000
8,Zimbabwe,6,"Milton Shumba","https://www.espncricinfo.com/cricketers/milton-shumba-951781",2,9,0,0,22.2200
8,Zimbabwe,7,"Ryan Burl","https://www.espncricinfo.com/cricketers/ryan-burl-495964",17,19,3,0,89.4700
8,Zimbabwe,8,"Luke Jongwe","https://www.espncricinfo.com/cricketers/luke-jongwe-541224",29,22,3,1,131.8100
8,Zimbabwe,9,"Richard Ngarava","https://www.espncricinfo.com/cricketers/richard-ngarava-806241",2,6,0,0,33.3300
8,Zimbabwe,10,"Tendai Chatara","https://www.espncricinfo.com/cricketers/tendai-chatara-425639",3,8,0,0,37.5000
8,Zimbabwe,11,"Blessing Muzarabani","https://www.espncricinfo.com/cricketers/blessing-muzarabani-827051",1,4,0,0,25.0000
9,"Sri Lanka",1,"Pathum Nissanka","https://www.espncricinfo.com/cricketers/pathum-nissanka-1028655",14,21,0,1,66.6600
9,"Sri Lanka",2,"Kusal Mendis†","https://www.espncricinfo.com/cricketers/kusal-mendis-629074",79,44,5,5,179.5400
9,"Sri Lanka",3,"Dhananjaya de Silva","https://www.espncricinfo.com/cricketers/dhananjaya-de-silva-465793",0,1,0,0,0.0000
9,"Sri Lanka",4,"Charith Asalanka","https://www.espncricinfo.com/cricketers/charith-asalanka-784367",31,30,3,0,103.3300
9,"Sri Lanka",5,"Bhanuka Rajapaksa","https://www.espncricinfo.com/cricketers/bhanuka-rajapaksa-342619",19,13,2,0,146.1500
9,"Sri Lanka",6,"Dasun Shanaka(c)","https://www.espncricinfo.com/cricketers/dasun-shanaka-437316",8,5,0,1,160.0000
9,"Sri Lanka",7,"Wanindu Hasaranga","https://www.espncricinfo.com/cricketers/wanindu-hasaranga-784379",5,4,0,0,125.0000
9,"Sri Lanka",8,"Chamika Karunaratne","https://www.espncricinfo.com/cricketers/chamika-karunaratne-623695",2,2,0,0,100.0000
9,Netherlands,1,"Max O'Dowd","https://www.espncricinfo.com/cricketers/max-o-dowd-643197",71,53,6,3,133.9600
9,Netherlands,2,"Vikramjit Singh","https://www.espncricinfo.com/cricketers/vikramjit-singh-1153767",7,14,0,0,50.0000
9,Netherlands,3,"Bas de Leede","https://www.espncricinfo.com/cricketers/bas-de-leede-1036191",14,10,1,1,140.0000
9,Netherlands,4,"Colin Ackermann","https://www.espncricinfo.com/cricketers/colin-ackermann-379774",0,1,0,0,0.0000
9,Netherlands,5,"Tom Cooper","https://www.espncricinfo.com/cricketers/tom-cooper-219885",16,19,2,0,84.2100
9,Netherlands,6,"Scott Edwards(c)†","https://www.espncricinfo.com/cricketers/scott-edwards-1127317",21,15,3,0,140.0000
9,Netherlands,7,"Tim Pringle","https://www.espncricinfo.com/cricketers/tim-pringle-1193548",2,4,0,0,50.0000
9,Netherlands,8,"Timm van der Gugten","https://www.espncricinfo.com/cricketers/timm-van-der-gugten-333782",0,1,0,0,0.0000
9,Netherlands,9,"Fred Klaassen","https://www.espncricinfo.com/cricketers/fred-klaassen-1104703",3,3,0,0,100.0000
9,Netherlands,10,"Paul van Meekeren","https://www.espncricinfo.com/cricketers/paul-van-meekeren-348109",0,0,0,0,0.0000
9,Netherlands,11,"Roelof van der Merwe","https://www.espncricinfo.com/cricketers/roelof-van-der-merwe-47850",0,1,0,0,0.0000
10,"United Arab Emirates",1,"Muhammad Waseem","https://www.espncricinfo.com/cricketers/muhammad-waseem-1241277",50,41,1,3,121.9500
10,"United Arab Emirates",2,"Vriitya Aravind†","https://www.espncricinfo.com/cricketers/vriitya-aravind-1178586",21,32,2,0,65.6200
10,"United Arab Emirates",3,"CP Rizwan(c)","https://www.espncricinfo.com/cricketers/cp-rizwan-474760",43,29,3,1,148.2700
10,"United Arab Emirates",4,"Alishan Sharafu","https://www.espncricinfo.com/cricketers/alishan-sharafu-1161038",4,4,0,0,100.0000
10,"United Arab Emirates",5,"Basil Hameed","https://www.espncricinfo.com/cricketers/basil-hameed-1209110",25,14,2,2,178.5700
10,Namibia,1,"Michael van Lingen","https://www.espncricinfo.com/cricketers/michael-van-lingen-833777",10,8,1,0,125.0000
10,Namibia,2,"Stephan Baard","https://www.espncricinfo.com/cricketers/stephan-baard-437927",4,6,1,0,66.6600
10,Namibia,3,"Jan Nicol Loftie-Eaton","https://www.espncricinfo.com/cricketers/jan-nicol-loftie-eaton-1071473",1,6,0,0,16.6600
10,Namibia,4,"Gerhard Erasmus(c)","https://www.espncricinfo.com/cricketers/gerhard-erasmus-519070",16,18,2,0,88.8800
10,Namibia,5,"Jan Frylinck","https://www.espncricinfo.com/cricketers/jan-frylinck-482478",14,17,1,0,82.3500
10,Namibia,6,"JJ Smit","https://www.espncricinfo.com/cricketers/jj-smit-553821",3,3,0,0,100.0000
10,Namibia,7,"David Wiese","https://www.espncricinfo.com/cricketers/david-wiese-221140",55,36,3,3,152.7700
10,Namibia,8,"Zane Green†","https://www.espncricinfo.com/cricketers/zane-green-596664",2,3,0,0,66.6600
10,Namibia,9,"Ruben Trumpelmann","https://www.espncricinfo.com/cricketers/ruben-trumpelmann-698317",25,24,1,1,104.1600
10,Namibia,10,"Bernard Scholtz","https://www.espncricinfo.com/cricketers/bernard-scholtz-330223",1,1,0,0,100.0000
11,"West Indies",1,"Kyle Mayers","https://www.espncricinfo.com/cricketers/kyle-mayers-348056",1,5,0,0,20.0000
11,"West Indies",2,"Johnson Charles","https://www.espncricinfo.com/cricketers/johnson-charles-333066",24,18,3,1,133.3300
11,"West Indies",3,"Evin Lewis","https://www.espncricinfo.com/cricketers/evin-lewis-431901",13,18,0,0,72.2200
11,"West Indies",4,"Brandon King","https://www.espncricinfo.com/cricketers/brandon-king-670035",62,48,6,1,129.1600
11,"West Indies",5,"Nicholas Pooran(c)†","https://www.espncricinfo.com/cricketers/nicholas-pooran-604302",13,11,0,1,118.1800
11,"West Indies",6,"Rovman Powell","https://www.espncricinfo.com/cricketers/rovman-powell-820351",6,8,1,0,75.0000
11,"West Indies",7,"Odean Smith","https://www.espncricinfo.com/cricketers/odean-smith-820691",19,12,1,2,158.3300
11,Ireland,1,"Paul Stirling","https://www.espncricinfo.com/cricketers/paul-stirling-303427",66,48,6,2,137.5000
11,Ireland,2,"Andy Balbirnie(c)","https://www.espncricinfo.com/cricketers/andy-balbirnie-303423",37,23,3,3,160.8600
11,Ireland,3,"Lorcan Tucker†","https://www.espncricinfo.com/cricketers/lorcan-tucker-928057",45,35,2,2,128.5700
12,Scotland,1,"George Munsey","https://www.espncricinfo.com/cricketers/george-munsey-671805",54,51,7,0,105.8800
12,Scotland,2,"Michael Jones","https://www.espncricinfo.com/cricketers/michael-jones-1093091",4,5,1,0,80.0000
12,Scotland,3,"Matthew Cross†","https://www.espncricinfo.com/cricketers/matthew-cross-417268",1,7,0,0,14.2800
12,Scotland,4,"Richie Berrington(c)","https://www.espncricinfo.com/cricketers/richie-berrington-25490",13,15,0,0,86.6600
12,Scotland,5,"Calum MacLeod","https://www.espncricinfo.com/cricketers/calum-macleod-232435",25,26,1,0,96.1500
12,Scotland,6,"Michael Leask","https://www.espncricinfo.com/cricketers/michael-leask-414966",12,9,2,0,133.3300
12,Scotland,7,"Chris Greaves","https://www.espncricinfo.com/cricketers/chris-greaves-873199",3,7,0,0,42.8500
12,Scotland,8,"Josh Davey","https://www.espncricinfo.com/cricketers/josh-davey-407265",4,3,0,0,133.3300
12,Zimbabwe,1,"Regis Chakabva†","https://www.espncricinfo.com/cricketers/regis-chakabva-293831",4,3,1,0,133.3300
12,Zimbabwe,2,"Craig Ervine(c)","https://www.espncricinfo.com/cricketers/craig-ervine-55412",58,54,6,0,107.4000
12,Zimbabwe,3,"Wessly Madhevere","https://www.espncricinfo.com/cricketers/wessly-madhevere-938959",0,5,0,0,0.0000
12,Zimbabwe,4,"Sean Williams","https://www.espncricinfo.com/cricketers/sean-williams-55870",7,12,0,0,58.3300
12,Zimbabwe,5,"Sikandar Raza","https://www.espncricinfo.com/cricketers/sikandar-raza-299572",40,23,3,2,173.9100
12,Zimbabwe,6,"Milton Shumba","https://www.espncricinfo.com/cricketers/milton-shumba-951781",11,11,0,0,100.0000
12,Zimbabwe,7,"Ryan Burl","https://www.espncricinfo.com/cricketers/ryan-burl-495964",9,5,1,0,180.0000
13,"New Zealand",1,"Finn Allen","https://www.espncricinfo.com/cricketers/finn-allen-959759",42,16,5,3,262.5000
13,"New Zealand",2,"Devon Conway†","https://www.espncricinfo.com/cricketers/devon-conway-379140",92,58,7,2,158.6200
13,"New Zealand",3,"Kane Williamson(c)","https://www.espncricinfo.com/cricketers/kane-williamson-277906",23,23,1,1,100.0000
13,"New Zealand",4,"Glenn Phillips","https://www.espncricinfo.com/cricketers/glenn-phillips-823509",12,10,2,0,120.0000
13,"New Zealand",5,"James Neesham","https://www.espncricinfo.com/cricketers/james-neesham-355269",26,13,0,2,200.0000
13,Australia,1,"David Warner","https://www.espncricinfo.com/cricketers/david-warner-219889",5,6,1,0,83.3300
13,Australia,2,"Aaron Finch(c)","https://www.espncricinfo.com/cricketers/aaron-finch-5334",13,11,1,1,118.1800
13,Australia,3,"Mitchell Marsh","https://www.espncricinfo.com/cricketers/mitchell-marsh-272450",16,12,2,1,133.3300
13,Australia,4,"Glenn Maxwell","https://www.espncricinfo.com/cricketers/glenn-maxwell-325026",28,20,3,1,140.0000
13,Australia,5,"Marcus Stoinis","https://www.espncricinfo.com/cricketers/marcus-stoinis-325012",7,14,0,0,50.0000
13,Australia,6,"Tim David","https://www.espncricinfo.com/cricketers/tim-david-892749",11,8,0,1,137.5000
13,Australia,7,"Matthew Wade†","https://www.espncricinfo.com/cricketers/matthew-wade-230193",2,4,0,0,50.0000
13,Australia,8,"Pat Cummins","https://www.espncricinfo.com/cricketers/pat-cummins-489889",21,18,2,1,116.6600
13,Australia,9,"Mitchell Starc","https://www.espncricinfo.com/cricketers/mitchell-starc-311592",4,7,0,0,57.1400
13,Australia,10,"Adam Zampa","https://www.espncricinfo.com/cricketers/adam-zampa-379504",0,2,0,0,0.0000
13,Australia,11,"Josh Hazlewood","https://www.espncricinfo.com/cricketers/josh-hazlewood-288284",1,1,0,0,100.0000
14,Afghanistan,1,"Hazratullah Zazai","https://www.espncricinfo.com/cricketers/hazratullah-zazai-793457",7,17,1,0,41.1700
14,Afghanistan,2,"Rahmanullah Gurbaz†","https://www.espncricinfo.com/cricketers/rahmanullah-gurbaz-974087",10,9,0,1,111.1100
14,Afghanistan,3,"Ibrahim Zadran","https://www.espncricinfo.com/cricketers/ibrahim-zadran-921509",32,32,3,1,100.0000
14,Afghanistan,4,"Usman Ghani","https://www.espncricinfo.com/cricketers/usman-ghani-711559",30,30,3,0,100.0000
14,Afghanistan,5,"Najibullah Zadran","https://www.espncricinfo.com/cricketers/najibullah-zadran-524049",13,11,0,1,118.1800
14,Afghanistan,6,"Mohammad Nabi(c)","https://www.espncricinfo.com/cricketers/mohammad-nabi-25913",3,5,0,0,60.0000
14,Afghanistan,7,"Azmatullah Omarzai","https://www.espncricinfo.com/cricketers/azmatullah-omarzai-819429",8,6,1,0,133.3300
14,Afghanistan,8,"Rashid Khan","https://www.espncricinfo.com/cricketers/rashid-khan-793463",0,1,0,0,0.0000
14,Afghanistan,9,"Mujeeb Ur Rahman","https://www.espncricinfo.com/cricketers/mujeeb-ur-rahman-974109",0,1,0,0,0.0000
14,Afghanistan,10,"Fareed Ahmad","https://www.espncricinfo.com/cricketers/fareed-ahmad-568136",2,4,0,0,50.0000
14,Afghanistan,11,"Fazalhaq Farooqi","https://www.espncricinfo.com/cricketers/fazalhaq-farooqi-974175",0,2,0,0,0.0000
14,England,1,"Jos Buttler(c)†","https://www.espncricinfo.com/cricketers/jos-buttler-308967",18,18,3,0,100.0000
14,England,2,"Alex Hales","https://www.espncricinfo.com/cricketers/alex-hales-249866",19,20,0,1,95.0000
14,England,3,"Dawid Malan","https://www.espncricinfo.com/cricketers/dawid-malan-236489",18,30,0,0,60.0000
14,England,4,"Ben Stokes","https://www.espncricinfo.com/cricketers/ben-stokes-311158",2,4,0,0,50.0000
14,England,5,"Liam Livingstone","https://www.espncricinfo.com/cricketers/liam-livingstone-403902",29,21,3,0,138.0900
14,England,6,"Harry Brook","https://www.espncricinfo.com/cricketers/harry-brook-911707",7,6,0,0,116.6600
14,England,7,"Moeen Ali","https://www.espncricinfo.com/cricketers/moeen-ali-8917",8,10,0,0,80.0000
15,Ireland,1,"Paul Stirling","https://www.espncricinfo.com/cricketers/paul-stirling-303427",34,25,4,1,136.0000
15,Ireland,2,"Andy Balbirnie(c)","https://www.espncricinfo.com/cricketers/andy-balbirnie-303423",1,5,0,0,20.0000
15,Ireland,3,"Lorcan Tucker†","https://www.espncricinfo.com/cricketers/lorcan-tucker-928057",10,11,1,0,90.9000
15,Ireland,4,"Harry Tector","https://www.espncricinfo.com/cricketers/harry-tector-961407",45,42,2,1,107.1400
15,Ireland,5,"Curtis Campher","https://www.espncricinfo.com/cricketers/curtis-campher-595921",2,4,0,0,50.0000
15,Ireland,6,"George Dockrell","https://www.espncricinfo.com/cricketers/george-dockrell-348034",14,16,0,0,87.5000
15,Ireland,7,"Gareth Delany","https://www.espncricinfo.com/cricketers/gareth-delany-1099379",9,6,1,0,150.0000
15,Ireland,8,"Mark Adair","https://www.espncricinfo.com/cricketers/mark-adair-526441",0,1,0,0,0.0000
15,Ireland,9,"Simi Singh","https://www.espncricinfo.com/cricketers/simi-singh-1005257",7,8,1,0,87.5000
15,Ireland,10,"Barry McCarthy","https://www.espncricinfo.com/cricketers/barry-mccarthy-348059",2,2,0,0,100.0000
15,"Sri Lanka",1,"Kusal Mendis†","https://www.espncricinfo.com/cricketers/kusal-mendis-629074",68,43,5,3,158.1300
15,"Sri Lanka",2,"Dhananjaya de Silva","https://www.espncricinfo.com/cricketers/dhananjaya-de-silva-465793",31,25,2,1,124.0000
15,"Sri Lanka",3,"Charith Asalanka","https://www.espncricinfo.com/cricketers/charith-asalanka-784367",31,22,2,0,140.9000
16,Pakistan,1,"Mohammad Rizwan†","https://www.espncricinfo.com/cricketers/mohammad-rizwan-323389",4,12,1,0,33.3300
16,Pakistan,2,"Babar Azam(c)","https://www.espncricinfo.com/cricketers/babar-azam-348144",0,1,0,0,0.0000
16,Pakistan,3,"Shan Masood","https://www.espncricinfo.com/cricketers/shan-masood-233901",52,42,5,0,123.8000
16,Pakistan,4,"Iftikhar Ahmed","https://www.espncricinfo.com/cricketers/iftikhar-ahmed-480603",51,34,2,4,150.0000
16,Pakistan,5,"Shadab Khan","https://www.espncricinfo.com/cricketers/shadab-khan-922943",5,6,1,0,83.3300
16,Pakistan,6,"Haider Ali","https://www.espncricinfo.com/cricketers/haider-ali-1168651",2,4,0,0,50.0000
16,Pakistan,7,"Mohammad Nawaz","https://www.espncricinfo.com/cricketers/mohammad-nawaz-348148",9,6,2,0,150.0000
16,Pakistan,8,"Asif Ali","https://www.espncricinfo.com/cricketers/asif-ali-494230",2,3,0,0,66.6600
16,Pakistan,9,"Shaheen Shah Afridi","https://www.espncricinfo.com/cricketers/shaheen-shah-afridi-1072470",16,8,1,1,200.0000
16,Pakistan,10,"Haris Rauf","https://www.espncricinfo.com/cricketers/haris-rauf-1161606",6,4,0,1,150.0000
16,India,1,"KL Rahul","https://www.espncricinfo.com/cricketers/kl-rahul-422108",4,8,0,0,50.0000
16,India,2,"Rohit Sharma(c)","https://www.espncricinfo.com/cricketers/rohit-sharma-34102",4,7,0,0,57.1400
16,India,3,"Virat Kohli","https://www.espncricinfo.com/cricketers/virat-kohli-253802",82,53,6,4,154.7100
16,India,4,"Suryakumar Yadav","https://www.espncricinfo.com/cricketers/suryakumar-yadav-446507",15,10,2,0,150.0000
16,India,5,"Axar Patel","https://www.espncricinfo.com/cricketers/axar-patel-554691",2,3,0,0,66.6600
16,India,6,"Hardik Pandya","https://www.espncricinfo.com/cricketers/hardik-pandya-625371",40,37,1,2,108.1000
16,India,7,"Dinesh Karthik†","https://www.espncricinfo.com/cricketers/dinesh-karthik-30045",1,2,0,0,50.0000
16,India,8,"Ravichandran Ashwin","https://www.espncricinfo.com/cricketers/ravichandran-ashwin-26421",1,1,0,0,100.0000
17,Bangladesh,1,"Najmul Hossain Shanto","https://www.espncricinfo.com/cricketers/najmul-hossain-shanto-629058",25,20,4,0,125.0000
17,Bangladesh,2,"Soumya Sarkar","https://www.espncricinfo.com/cricketers/soumya-sarkar-436677",14,14,2,0,100.0000
17,Bangladesh,3,"Litton Das","https://www.espncricinfo.com/cricketers/litton-das-536936",9,11,0,0,81.8100
17,Bangladesh,4,"Shakib Al Hasan(c)","https://www.espncricinfo.com/cricketers/shakib-al-hasan-56143",7,9,0,0,77.7700
17,Bangladesh,5,"Afif Hossain","https://www.espncricinfo.com/cricketers/afif-hossain-935995",38,27,2,2,140.7400
17,Bangladesh,6,"Yasir Ali","https://www.espncricinfo.com/cricketers/yasir-ali-629059",3,5,0,0,60.0000
17,Bangladesh,7,"Nurul Hasan†","https://www.espncricinfo.com/cricketers/nurul-hasan-410765",13,18,0,0,72.2200
17,Bangladesh,8,"Mosaddek Hossain","https://www.espncricinfo.com/cricketers/mosaddek-hossain-550133",20,12,2,1,166.6600
17,Bangladesh,9,"Taskin Ahmed","https://www.espncricinfo.com/cricketers/taskin-ahmed-538506",0,1,0,0,0.0000
17,Bangladesh,10,"Hasan Mahmud","https://www.espncricinfo.com/cricketers/hasan-mahmud-926629",0,3,0,0,0.0000
17,Netherlands,1,"Vikramjit Singh","https://www.espncricinfo.com/cricketers/vikramjit-singh-1153767",0,1,0,0,0.0000
17,Netherlands,2,"Max O'Dowd","https://www.espncricinfo.com/cricketers/max-o-dowd-643197",8,8,0,1,100.0000
17,Netherlands,3,"Bas de Leede","https://www.espncricinfo.com/cricketers/bas-de-leede-1036191",0,1,0,0,0.0000
17,Netherlands,4,"Colin Ackermann","https://www.espncricinfo.com/cricketers/colin-ackermann-379774",62,48,6,2,129.1600
17,Netherlands,5,"Tom Cooper","https://www.espncricinfo.com/cricketers/tom-cooper-219885",0,0,0,0,0.0000
17,Netherlands,6,"Scott Edwards(c)†","https://www.espncricinfo.com/cricketers/scott-edwards-1127317",16,24,1,0,66.6600
17,Netherlands,7,"Tim Pringle","https://www.espncricinfo.com/cricketers/tim-pringle-1193548",1,6,0,0,16.6600
17,Netherlands,8,"Logan van Beek","https://www.espncricinfo.com/cricketers/logan-van-beek-440522",2,5,0,0,40.0000
17,Netherlands,9,"Shariz Ahmad","https://www.espncricinfo.com/cricketers/shariz-ahmad-1278252",9,8,1,0,112.5000
17,Netherlands,10,"Fred Klaassen","https://www.espncricinfo.com/cricketers/fred-klaassen-1104703",7,6,0,0,116.6600
17,Netherlands,11,"Paul van Meekeren","https://www.espncricinfo.com/cricketers/paul-van-meekeren-348109",24,14,3,1,171.4200
18,Zimbabwe,1,"Regis Chakabva†","https://www.espncricinfo.com/cricketers/regis-chakabva-293831",8,8,0,1,100.0000
18,Zimbabwe,2,"Craig Ervine(c)","https://www.espncricinfo.com/cricketers/craig-ervine-55412",2,6,0,0,33.3300
18,Zimbabwe,3,"Sean Williams","https://www.espncricinfo.com/cricketers/sean-williams-55870",1,1,0,0,100.0000
18,Zimbabwe,4,"Sikandar Raza","https://www.espncricinfo.com/cricketers/sikandar-raza-299572",0,2,0,0,0.0000
18,Zimbabwe,5,"Wessly Madhevere","https://www.espncricinfo.com/cricketers/wessly-madhevere-938959",35,18,4,1,194.4400
18,Zimbabwe,6,"Milton Shumba","https://www.espncricinfo.com/cricketers/milton-shumba-951781",18,20,2,0,90.0000
18,"South Africa",1,"Quinton de Kock†","https://www.espncricinfo.com/cricketers/quinton-de-kock-379143",47,18,8,1,261.1100
18,"South Africa",2,"Temba Bavuma(c)","https://www.espncricinfo.com/cricketers/temba-bavuma-372116",2,2,0,0,100.0000
19,"Sri Lanka",1,"Pathum Nissanka","https://www.espncricinfo.com/cricketers/pathum-nissanka-1028655",40,45,2,0,88.8800
19,"Sri Lanka",2,"Kusal Mendis†","https://www.espncricinfo.com/cricketers/kusal-mendis-629074",5,6,1,0,83.3300
19,"Sri Lanka",3,"Dhananjaya de Silva","https://www.espncricinfo.com/cricketers/dhananjaya-de-silva-465793",26,23,3,0,113.0400
19,"Sri Lanka",4,"Charith Asalanka","https://www.espncricinfo.com/cricketers/charith-asalanka-784367",38,25,3,2,152.0000
19,"Sri Lanka",5,"Bhanuka Rajapaksa","https://www.espncricinfo.com/cricketers/bhanuka-rajapaksa-342619",7,5,1,0,140.0000
19,"Sri Lanka",6,"Dasun Shanaka(c)","https://www.espncricinfo.com/cricketers/dasun-shanaka-437316",3,5,0,0,60.0000
19,"Sri Lanka",7,"Wanindu Hasaranga","https://www.espncricinfo.com/cricketers/wanindu-hasaranga-784379",1,4,0,0,25.0000
19,"Sri Lanka",8,"Chamika Karunaratne","https://www.espncricinfo.com/cricketers/chamika-karunaratne-623695",14,7,2,0,200.0000
19,Australia,1,"David Warner","https://www.espncricinfo.com/cricketers/david-warner-219889",11,10,0,0,110.0000
19,Australia,2,"Aaron Finch(c)","https://www.espncricinfo.com/cricketers/aaron-finch-5334",31,42,0,1,73.8000
19,Australia,3,"Mitchell Marsh","https://www.espncricinfo.com/cricketers/mitchell-marsh-272450",17,17,1,1,100.0000
19,Australia,4,"Glenn Maxwell","https://www.espncricinfo.com/cricketers/glenn-maxwell-325026",23,12,2,2,191.6600
19,Australia,5,"Marcus Stoinis","https://www.espncricinfo.com/cricketers/marcus-stoinis-325012",59,18,4,6,327.7700
20,Ireland,1,"Paul Stirling","https://www.espncricinfo.com/cricketers/paul-stirling-303427",14,8,1,1,175.0000
20,Ireland,2,"Andy Balbirnie(c)","https://www.espncricinfo.com/cricketers/andy-balbirnie-303423",62,47,5,2,131.9100
20,Ireland,3,"Lorcan Tucker†","https://www.espncricinfo.com/cricketers/lorcan-tucker-928057",34,27,3,1,125.9200
20,Ireland,4,"Harry Tector","https://www.espncricinfo.com/cricketers/harry-tector-961407",0,2,0,0,0.0000
20,Ireland,5,"Curtis Campher","https://www.espncricinfo.com/cricketers/curtis-campher-595921",18,11,3,0,163.6300
20,Ireland,6,"George Dockrell","https://www.espncricinfo.com/cricketers/george-dockrell-348034",0,1,0,0,0.0000
20,Ireland,7,"Gareth Delany","https://www.espncricinfo.com/cricketers/gareth-delany-1099379",12,10,1,0,120.0000
20,Ireland,8,"Mark Adair","https://www.espncricinfo.com/cricketers/mark-adair-526441",4,4,0,0,100.0000
20,Ireland,9,"Barry McCarthy","https://www.espncricinfo.com/cricketers/barry-mccarthy-348059",3,3,0,0,100.0000
20,Ireland,10,"Fionn Hand","https://www.espncricinfo.com/cricketers/fionn-hand-1099225",1,2,0,0,50.0000
20,Ireland,11,"Josh Little","https://www.espncricinfo.com/cricketers/josh-little-928067",0,1,0,0,0.0000
20,England,1,"Jos Buttler(c)†","https://www.espncricinfo.com/cricketers/jos-buttler-308967",0,2,0,0,0.0000
20,England,2,"Alex Hales","https://www.espncricinfo.com/cricketers/alex-hales-249866",7,5,1,0,140.0000
20,England,3,"Dawid Malan","https://www.espncricinfo.com/cricketers/dawid-malan-236489",35,37,2,0,94.5900
20,England,4,"Ben Stokes","https://www.espncricinfo.com/cricketers/ben-stokes-311158",6,8,0,0,75.0000
20,England,5,"Harry Brook","https://www.espncricinfo.com/cricketers/harry-brook-911707",18,21,1,0,85.7100
20,England,6,"Moeen Ali","https://www.espncricinfo.com/cricketers/moeen-ali-8917",24,12,3,1,200.0000
20,England,7,"Liam Livingstone","https://www.espncricinfo.com/cricketers/liam-livingstone-403902",1,2,0,0,50.0000
22,"South Africa",1,"Temba Bavuma(c)","https://www.espncricinfo.com/cricketers/temba-bavuma-372116",2,6,0,0,33.3300
22,"South Africa",2,"Quinton de Kock†","https://www.espncricinfo.com/cricketers/quinton-de-kock-379143",63,38,7,3,165.7800
22,"South Africa",3,"Rilee Rossouw","https://www.espncricinfo.com/cricketers/rilee-rossouw-318845",109,56,7,8,194.6400
22,"South Africa",4,"Tristan Stubbs","https://www.espncricinfo.com/cricketers/tristan-stubbs-595978",7,7,1,0,100.0000
22,"South Africa",5,"Aiden Markram","https://www.espncricinfo.com/cricketers/aiden-markram-600498",10,11,1,0,90.9000
22,"South Africa",6,"David Miller","https://www.espncricinfo.com/cricketers/david-miller-321777",2,4,0,0,50.0000
22,"South Africa",7,"Wayne Parnell","https://www.espncricinfo.com/cricketers/wayne-parnell-265564",0,2,0,0,0.0000
22,Bangladesh,1,"Najmul Hossain Shanto","https://www.espncricinfo.com/cricketers/najmul-hossain-shanto-629058",9,9,1,0,100.0000
22,Bangladesh,2,"Soumya Sarkar","https://www.espncricinfo.com/cricketers/soumya-sarkar-436677",15,6,0,2,250.0000
22,Bangladesh,3,"Litton Das","https://www.espncricinfo.com/cricketers/litton-das-536936",34,31,1,1,109.6700
22,Bangladesh,4,"Shakib Al Hasan(c)","https://www.espncricinfo.com/cricketers/shakib-al-hasan-56143",1,4,0,0,25.0000
22,Bangladesh,5,"Afif Hossain","https://www.espncricinfo.com/cricketers/afif-hossain-935995",1,5,0,0,20.0000
22,Bangladesh,6,"Mehidy Hasan Miraz","https://www.espncricinfo.com/cricketers/mehidy-hasan-miraz-629063",11,13,0,0,84.6100
22,Bangladesh,7,"Mosaddek Hossain","https://www.espncricinfo.com/cricketers/mosaddek-hossain-550133",0,3,0,0,0.0000
22,Bangladesh,8,"Nurul Hasan†","https://www.espncricinfo.com/cricketers/nurul-hasan-410765",2,6,0,0,33.3300
22,Bangladesh,9,"Taskin Ahmed","https://www.espncricinfo.com/cricketers/taskin-ahmed-538506",10,17,1,0,58.8200
22,Bangladesh,10,"Hasan Mahmud","https://www.espncricinfo.com/cricketers/hasan-mahmud-926629",0,2,0,0,0.0000
22,Bangladesh,11,"Mustafizur Rahman","https://www.espncricinfo.com/cricketers/mustafizur-rahman-330902",9,3,0,1,300.0000
23,India,1,"KL Rahul","https://www.espncricinfo.com/cricketers/kl-rahul-422108",9,12,1,0,75.0000
23,India,2,"Rohit Sharma(c)","https://www.espncricinfo.com/cricketers/rohit-sharma-34102",53,39,4,3,135.8900
23,India,3,"Virat Kohli","https://www.espncricinfo.com/cricketers/virat-kohli-253802",62,44,3,2,140.9000
23,India,4,"Suryakumar Yadav","https://www.espncricinfo.com/cricketers/suryakumar-yadav-446507",51,25,7,1,204.0000
23,Netherlands,1,"Vikramjit Singh","https://www.espncricinfo.com/cricketers/vikramjit-singh-1153767",1,9,0,0,11.1100
23,Netherlands,2,"Max O'Dowd","https://www.espncricinfo.com/cricketers/max-o-dowd-643197",16,10,3,0,160.0000
23,Netherlands,3,"Bas de Leede","https://www.espncricinfo.com/cricketers/bas-de-leede-1036191",16,23,0,0,69.5600
23,Netherlands,4,"Colin Ackermann","https://www.espncricinfo.com/cricketers/colin-ackermann-379774",17,21,1,0,80.9500
23,Netherlands,5,"Tom Cooper","https://www.espncricinfo.com/cricketers/tom-cooper-219885",9,12,0,0,75.0000
23,Netherlands,6,"Scott Edwards(c)†","https://www.espncricinfo.com/cricketers/scott-edwards-1127317",5,8,0,0,62.5000
23,Netherlands,7,"Tim Pringle","https://www.espncricinfo.com/cricketers/tim-pringle-1193548",20,15,1,1,133.3300
23,Netherlands,8,"Logan van Beek","https://www.espncricinfo.com/cricketers/logan-van-beek-440522",3,5,0,0,60.0000
23,Netherlands,9,"Shariz Ahmad","https://www.espncricinfo.com/cricketers/shariz-ahmad-1278252",16,11,2,0,145.4500
23,Netherlands,10,"Fred Klaassen","https://www.espncricinfo.com/cricketers/fred-klaassen-1104703",0,1,0,0,0.0000
23,Netherlands,11,"Paul van Meekeren","https://www.espncricinfo.com/cricketers/paul-van-meekeren-348109",14,6,3,0,233.3300
24,Zimbabwe,1,"Wessly Madhevere","https://www.espncricinfo.com/cricketers/wessly-madhevere-938959",17,13,3,0,130.7600
24,Zimbabwe,2,"Craig Ervine(c)","https://www.espncricinfo.com/cricketers/craig-ervine-55412",19,19,2,0,100.0000
24,Zimbabwe,3,"Milton Shumba","https://www.espncricinfo.com/cricketers/milton-shumba-951781",8,10,1,0,80.0000
24,Zimbabwe,4,"Sean Williams","https://www.espncricinfo.com/cricketers/sean-williams-55870",31,28,3,0,110.7100
24,Zimbabwe,5,"Sikandar Raza","https://www.espncricinfo.com/cricketers/sikandar-raza-299572",9,16,1,0,56.2500
24,Zimbabwe,6,"Regis Chakabva†","https://www.espncricinfo.com/cricketers/regis-chakabva-293831",0,1,0,0,0.0000
24,Zimbabwe,7,"Ryan Burl","https://www.espncricinfo.com/cricketers/ryan-burl-495964",10,15,0,0,66.6600
24,Zimbabwe,8,"Luke Jongwe","https://www.espncricinfo.com/cricketers/luke-jongwe-541224",0,1,0,0,0.0000
24,Zimbabwe,9,"Brad Evans","https://www.espncricinfo.com/cricketers/brad-evans-696127",19,15,0,1,126.6600
24,Zimbabwe,10,"Richard Ngarava","https://www.espncricinfo.com/cricketers/richard-ngarava-806241",3,2,0,0,150.0000
24,Pakistan,1,"Mohammad Rizwan†","https://www.espncricinfo.com/cricketers/mohammad-rizwan-323389",14,16,1,1,87.5000
24,Pakistan,2,"Babar Azam(c)","https://www.espncricinfo.com/cricketers/babar-azam-348144",4,9,1,0,44.4400
24,Pakistan,3,"Shan Masood","https://www.espncricinfo.com/cricketers/shan-masood-233901",44,38,3,0,115.7800
24,Pakistan,4,"Iftikhar Ahmed","https://www.espncricinfo.com/cricketers/iftikhar-ahmed-480603",5,10,1,0,50.0000
24,Pakistan,5,"Shadab Khan","https://www.espncricinfo.com/cricketers/shadab-khan-922943",17,14,0,1,121.4200
24,Pakistan,6,"Haider Ali","https://www.espncricinfo.com/cricketers/haider-ali-1168651",0,1,0,0,0.0000
24,Pakistan,7,"Mohammad Nawaz","https://www.espncricinfo.com/cricketers/mohammad-nawaz-348148",22,18,1,1,122.2200
24,Pakistan,8,"Mohammad Wasim","https://www.espncricinfo.com/cricketers/mohammad-wasim-1185538",12,13,2,0,92.3000
24,Pakistan,9,"Shaheen Shah Afridi","https://www.espncricinfo.com/cricketers/shaheen-shah-afridi-1072470",1,1,0,0,100.0000
27,"New Zealand",1,"Finn Allen","https://www.espncricinfo.com/cricketers/finn-allen-959759",1,3,0,0,33.3300
27,"New Zealand",2,"Devon Conway†","https://www.espncricinfo.com/cricketers/devon-conway-379140",1,4,0,0,25.0000
27,"New Zealand",3,"Kane Williamson(c)","https://www.espncricinfo.com/cricketers/kane-williamson-277906",8,13,1,0,61.5300
27,"New Zealand",4,"Glenn Phillips","https://www.espncricinfo.com/cricketers/glenn-phillips-823509",104,64,10,4,162.5000
27,"New Zealand",5,"Daryl Mitchell","https://www.espncricinfo.com/cricketers/daryl-mitchell-381743",22,24,0,0,91.6600
27,"New Zealand",6,"James Neesham","https://www.espncricinfo.com/cricketers/james-neesham-355269",5,8,0,0,62.5000
27,"New Zealand",7,"Mitchell Santner","https://www.espncricinfo.com/cricketers/mitchell-santner-502714",11,5,0,1,220.0000
27,"New Zealand",8,"Ish Sodhi","https://www.espncricinfo.com/cricketers/ish-sodhi-559066",1,1,0,0,100.0000
27,"New Zealand",9,"Tim Southee","https://www.espncricinfo.com/cricketers/tim-southee-232364",4,1,1,0,400.0000
27,"Sri Lanka",1,"Pathum Nissanka","https://www.espncricinfo.com/cricketers/pathum-nissanka-1028655",0,5,0,0,0.0000
27,"Sri Lanka",2,"Kusal Mendis†","https://www.espncricinfo.com/cricketers/kusal-mendis-629074",4,3,1,0,133.3300
27,"Sri Lanka",3,"Dhananjaya de Silva","https://www.espncricinfo.com/cricketers/dhananjaya-de-silva-465793",0,3,0,0,0.0000
27,"Sri Lanka",4,"Charith Asalanka","https://www.espncricinfo.com/cricketers/charith-asalanka-784367",4,8,0,0,50.0000
27,"Sri Lanka",5,"Bhanuka Rajapaksa","https://www.espncricinfo.com/cricketers/bhanuka-rajapaksa-342619",34,22,3,2,154.5400
27,"Sri Lanka",6,"Chamika Karunaratne","https://www.espncricinfo.com/cricketers/chamika-karunaratne-623695",3,8,0,0,37.5000
27,"Sri Lanka",7,"Dasun Shanaka(c)","https://www.espncricinfo.com/cricketers/dasun-shanaka-437316",35,32,4,1,109.3700
27,"Sri Lanka",8,"Wanindu Hasaranga","https://www.espncricinfo.com/cricketers/wanindu-hasaranga-784379",4,6,1,0,66.6600
27,"Sri Lanka",9,"Maheesh Theekshana","https://www.espncricinfo.com/cricketers/maheesh-theekshana-1138316",0,3,0,0,0.0000
27,"Sri Lanka",10,"Kasun Rajitha","https://www.espncricinfo.com/cricketers/kasun-rajitha-499594",8,21,0,0,38.0900
27,"Sri Lanka",11,"Lahiru Kumara","https://www.espncricinfo.com/cricketers/lahiru-kumara-784375",4,5,1,0,80.0000
28,Bangladesh,1,"Najmul Hossain Shanto","https://www.espncricinfo.com/cricketers/najmul-hossain-shanto-629058",71,55,7,1,129.0900
28,Bangladesh,2,"Soumya Sarkar","https://www.espncricinfo.com/cricketers/soumya-sarkar-436677",0,2,0,0,0.0000
28,Bangladesh,3,"Litton Das","https://www.espncricinfo.com/cricketers/litton-das-536936",14,12,3,0,116.6600
28,Bangladesh,4,"Shakib Al Hasan(c)","https://www.espncricinfo.com/cricketers/shakib-al-hasan-56143",23,20,1,0,115.0000
28,Bangladesh,5,"Afif Hossain","https://www.espncricinfo.com/cricketers/afif-hossain-935995",29,19,1,1,152.6300
28,Bangladesh,6,"Mosaddek Hossain","https://www.espncricinfo.com/cricketers/mosaddek-hossain-550133",7,10,0,0,70.0000
28,Bangladesh,7,"Nurul Hasan†","https://www.espncricinfo.com/cricketers/nurul-hasan-410765",1,1,0,0,100.0000
28,Bangladesh,8,"Yasir Ali","https://www.espncricinfo.com/cricketers/yasir-ali-629059",1,1,0,0,100.0000
28,Zimbabwe,1,"Wessly Madhevere","https://www.espncricinfo.com/cricketers/wessly-madhevere-938959",4,3,1,0,133.3300
28,Zimbabwe,2,"Craig Ervine(c)","https://www.espncricinfo.com/cricketers/craig-ervine-55412",8,7,2,0,114.2800
28,Zimbabwe,3,"Milton Shumba","https://www.espncricinfo.com/cricketers/milton-shumba-951781",8,15,1,0,53.3300
28,Zimbabwe,4,"Sean Williams","https://www.espncricinfo.com/cricketers/sean-williams-55870",64,42,8,0,152.3800
28,Zimbabwe,5,"Sikandar Raza","https://www.espncricinfo.com/cricketers/sikandar-raza-299572",0,3,0,0,0.0000
28,Zimbabwe,6,"Regis Chakabva†","https://www.espncricinfo.com/cricketers/regis-chakabva-293831",15,19,0,0,78.9400
28,Zimbabwe,7,"Ryan Burl","https://www.espncricinfo.com/cricketers/ryan-burl-495964",27,25,2,1,108.0000
28,Zimbabwe,8,"Brad Evans","https://www.espncricinfo.com/cricketers/brad-evans-696127",2,2,0,0,100.0000
28,Zimbabwe,9,"Richard Ngarava","https://www.espncricinfo.com/cricketers/richard-ngarava-806241",6,3,0,1,200.0000
28,Zimbabwe,10,"Blessing Muzarabani","https://www.espncricinfo.com/cricketers/blessing-muzarabani-827051",0,2,0,0,0.0000
29,Netherlands,1,"Stephan Myburgh","https://www.espncricinfo.com/cricketers/stephan-myburgh-233712",6,11,1,0,54.5400
29,Netherlands,2,"Max O'Dowd","https://www.espncricinfo.com/cricketers/max-o-dowd-643197",8,13,0,0,61.5300
29,Netherlands,3,"Bas de Leede","https://www.espncricinfo.com/cricketers/bas-de-leede-1036191",6,16,1,0,37.5000
29,Netherlands,4,"Tom Cooper","https://www.espncricinfo.com/cricketers/tom-cooper-219885",1,2,0,0,50.0000
29,Netherlands,5,"Colin Ackermann","https://www.espncricinfo.com/cricketers/colin-ackermann-379774",27,27,2,0,100.0000
29,Netherlands,6,"Scott Edwards(c)†","https://www.espncricinfo.com/cricketers/scott-edwards-1127317",15,20,1,0,75.0000
29,Netherlands,7,"Roelof van der Merwe","https://www.espncricinfo.com/cricketers/roelof-van-der-merwe-47850",5,6,0,0,83.3300
29,Netherlands,8,"Tim Pringle","https://www.espncricinfo.com/cricketers/tim-pringle-1193548",5,8,0,0,62.5000
29,Netherlands,9,"Logan van Beek","https://www.espncricinfo.com/cricketers/logan-van-beek-440522",6,9,0,0,66.6600
29,Netherlands,10,"Fred Klaassen","https://www.espncricinfo.com/cricketers/fred-klaassen-1104703",0,1,0,0,0.0000
29,Netherlands,11,"Paul van Meekeren","https://www.espncricinfo.com/cricketers/paul-van-meekeren-348109",7,7,0,0,100.0000
29,Pakistan,1,"Mohammad Rizwan†","https://www.espncricinfo.com/cricketers/mohammad-rizwan-323389",49,39,5,0,125.6400
29,Pakistan,2,"Babar Azam(c)","https://www.espncricinfo.com/cricketers/babar-azam-348144",4,5,1,0,80.0000
29,Pakistan,3,"Fakhar Zaman","https://www.espncricinfo.com/cricketers/fakhar-zaman-512191",20,16,3,0,125.0000
29,Pakistan,4,"Shan Masood","https://www.espncricinfo.com/cricketers/shan-masood-233901",12,16,0,0,75.0000
29,Pakistan,5,"Iftikhar Ahmed","https://www.espncricinfo.com/cricketers/iftikhar-ahmed-480603",6,5,0,0,120.0000
29,Pakistan,6,"Shadab Khan","https://www.espncricinfo.com/cricketers/shadab-khan-922943",4,2,1,0,200.0000
30,India,1,"KL Rahul","https://www.espncricinfo.com/cricketers/kl-rahul-422108",9,14,0,1,64.2800
30,India,2,"Rohit Sharma(c)","https://www.espncricinfo.com/cricketers/rohit-sharma-34102",15,14,1,1,107.1400
30,India,3,"Virat Kohli","https://www.espncricinfo.com/cricketers/virat-kohli-253802",12,11,2,0,109.0900
30,India,4,"Suryakumar Yadav","https://www.espncricinfo.com/cricketers/suryakumar-yadav-446507",68,40,6,3,170.0000
30,India,5,"Deepak Hooda","https://www.espncricinfo.com/cricketers/deepak-hooda-497121",0,3,0,0,0.0000
30,India,6,"Hardik Pandya","https://www.espncricinfo.com/cricketers/hardik-pandya-625371",2,3,0,0,66.6600
30,India,7,"Dinesh Karthik†","https://www.espncricinfo.com/cricketers/dinesh-karthik-30045",6,15,0,0,40.0000
30,India,8,"Ravichandran Ashwin","https://www.espncricinfo.com/cricketers/ravichandran-ashwin-26421",7,11,0,0,63.6300
30,India,9,"Bhuvneshwar Kumar","https://www.espncricinfo.com/cricketers/bhuvneshwar-kumar-326016",4,6,0,0,66.6600
30,India,10,"Mohammed Shami","https://www.espncricinfo.com/cricketers/mohammed-shami-481896",0,2,0,0,0.0000
30,India,11,"Arshdeep Singh","https://www.espncricinfo.com/cricketers/arshdeep-singh-1125976",2,1,0,0,200.0000
30,"South Africa",1,"Quinton de Kock†","https://www.espncricinfo.com/cricketers/quinton-de-kock-379143",1,3,0,0,33.3300
30,"South Africa",2,"Temba Bavuma(c)","https://www.espncricinfo.com/cricketers/temba-bavuma-372116",10,15,0,1,66.6600
30,"South Africa",3,"Rilee Rossouw","https://www.espncricinfo.com/cricketers/rilee-rossouw-318845",0,2,0,0,0.0000
30,"South Africa",4,"Aiden Markram","https://www.espncricinfo.com/cricketers/aiden-markram-600498",52,41,6,1,126.8200
30,"South Africa",5,"David Miller","https://www.espncricinfo.com/cricketers/david-miller-321777",59,46,4,3,128.2600
30,"South Africa",6,"Tristan Stubbs","https://www.espncricinfo.com/cricketers/tristan-stubbs-595978",6,6,1,0,100.0000
30,"South Africa",7,"Wayne Parnell","https://www.espncricinfo.com/cricketers/wayne-parnell-265564",2,5,0,0,40.0000
31,Australia,1,"David Warner","https://www.espncricinfo.com/cricketers/david-warner-219889",3,7,0,0,42.8500
31,Australia,2,"Aaron Finch(c)","https://www.espncricinfo.com/cricketers/aaron-finch-5334",63,44,5,3,143.1800
31,Australia,3,"Mitchell Marsh","https://www.espncricinfo.com/cricketers/mitchell-marsh-272450",28,22,2,2,127.2700
31,Australia,4,"Glenn Maxwell","https://www.espncricinfo.com/cricketers/glenn-maxwell-325026",13,9,0,1,144.4400
31,Australia,5,"Marcus Stoinis","https://www.espncricinfo.com/cricketers/marcus-stoinis-325012",35,25,3,1,140.0000
31,Australia,6,"Tim David","https://www.espncricinfo.com/cricketers/tim-david-892749",15,10,2,0,150.0000
31,Australia,7,"Matthew Wade†","https://www.espncricinfo.com/cricketers/matthew-wade-230193",7,3,1,0,233.3300
31,Ireland,1,"Paul Stirling","https://www.espncricinfo.com/cricketers/paul-stirling-303427",11,7,1,1,157.1400
31,Ireland,2,"Andy Balbirnie(c)","https://www.espncricinfo.com/cricketers/andy-balbirnie-303423",6,7,0,1,85.7100
31,Ireland,3,"Lorcan Tucker†","https://www.espncricinfo.com/cricketers/lorcan-tucker-928057",71,48,9,1,147.9100
31,Ireland,4,"Harry Tector","https://www.espncricinfo.com/cricketers/harry-tector-961407",6,4,1,0,150.0000
31,Ireland,5,"Curtis Campher","https://www.espncricinfo.com/cricketers/curtis-campher-595921",0,1,0,0,0.0000
31,Ireland,6,"George Dockrell","https://www.espncricinfo.com/cricketers/george-dockrell-348034",0,4,0,0,0.0000
31,Ireland,7,"Gareth Delany","https://www.espncricinfo.com/cricketers/gareth-delany-1099379",14,10,2,0,140.0000
31,Ireland,8,"Mark Adair","https://www.espncricinfo.com/cricketers/mark-adair-526441",11,11,1,0,100.0000
31,Ireland,9,"Fionn Hand","https://www.espncricinfo.com/cricketers/fionn-hand-1099225",6,6,1,0,100.0000
31,Ireland,10,"Barry McCarthy","https://www.espncricinfo.com/cricketers/barry-mccarthy-348059",3,7,0,0,42.8500
31,Ireland,11,"Josh Little","https://www.espncricinfo.com/cricketers/josh-little-928067",1,5,0,0,20.0000
32,Afghanistan,1,"Rahmanullah Gurbaz†","https://www.espncricinfo.com/cricketers/rahmanullah-gurbaz-974087",28,24,2,2,116.6600
32,Afghanistan,2,"Usman Ghani","https://www.espncricinfo.com/cricketers/usman-ghani-711559",27,27,2,1,100.0000
32,Afghanistan,3,"Ibrahim Zadran","https://www.espncricinfo.com/cricketers/ibrahim-zadran-921509",22,18,1,1,122.2200
32,Afghanistan,4,"Najibullah Zadran","https://www.espncricinfo.com/cricketers/najibullah-zadran-524049",18,16,1,0,112.5000
32,Afghanistan,5,"Gulbadin Naib","https://www.espncricinfo.com/cricketers/gulbadin-naib-352048",12,14,0,0,85.7100
32,Afghanistan,6,"Mohammad Nabi(c)","https://www.espncricinfo.com/cricketers/mohammad-nabi-25913",13,8,1,0,162.5000
32,Afghanistan,7,"Rashid Khan","https://www.espncricinfo.com/cricketers/rashid-khan-793463",9,8,1,0,112.5000
32,Afghanistan,8,"Azmatullah Omarzai","https://www.espncricinfo.com/cricketers/azmatullah-omarzai-819429",3,4,0,0,75.0000
32,Afghanistan,9,"Mujeeb Ur Rahman","https://www.espncricinfo.com/cricketers/mujeeb-ur-rahman-974109",1,2,0,0,50.0000
32,"Sri Lanka",1,"Pathum Nissanka","https://www.espncricinfo.com/cricketers/pathum-nissanka-1028655",10,10,2,0,100.0000
32,"Sri Lanka",2,"Kusal Mendis†","https://www.espncricinfo.com/cricketers/kusal-mendis-629074",25,27,2,1,92.5900
32,"Sri Lanka",3,"Dhananjaya de Silva","https://www.espncricinfo.com/cricketers/dhananjaya-de-silva-465793",66,42,6,2,157.1400
32,"Sri Lanka",4,"Charith Asalanka","https://www.espncricinfo.com/cricketers/charith-asalanka-784367",19,18,1,0,105.5500
32,"Sri Lanka",5,"Bhanuka Rajapaksa","https://www.espncricinfo.com/cricketers/bhanuka-rajapaksa-342619",18,14,3,0,128.5700
32,"Sri Lanka",6,"Dasun Shanaka(c)","https://www.espncricinfo.com/cricketers/dasun-shanaka-437316",0,0,0,0,0.0000
33,England,1,"Jos Buttler(c)†","https://www.espncricinfo.com/cricketers/jos-buttler-308967",73,47,7,2,155.3100
33,England,2,"Alex Hales","https://www.espncricinfo.com/cricketers/alex-hales-249866",52,40,7,1,130.0000
33,England,3,"Moeen Ali","https://www.espncricinfo.com/cricketers/moeen-ali-8917",5,6,0,0,83.3300
33,England,4,"Liam Livingstone","https://www.espncricinfo.com/cricketers/liam-livingstone-403902",20,14,1,1,142.8500
33,England,5,"Harry Brook","https://www.espncricinfo.com/cricketers/harry-brook-911707",7,3,0,1,233.3300
33,England,6,"Ben Stokes","https://www.espncricinfo.com/cricketers/ben-stokes-311158",8,7,0,0,114.2800
33,England,7,"Sam Curran","https://www.espncricinfo.com/cricketers/sam-curran-662973",6,3,0,1,200.0000
33,England,8,"Dawid Malan","https://www.espncricinfo.com/cricketers/dawid-malan-236489",3,1,0,0,300.0000
33,"New Zealand",1,"Finn Allen","https://www.espncricinfo.com/cricketers/finn-allen-959759",16,11,0,1,145.4500
33,"New Zealand",2,"Devon Conway†","https://www.espncricinfo.com/cricketers/devon-conway-379140",3,9,0,0,33.3300
33,"New Zealand",3,"Kane Williamson(c)","https://www.espncricinfo.com/cricketers/kane-williamson-277906",40,40,3,0,100.0000
33,"New Zealand",4,"Glenn Phillips","https://www.espncricinfo.com/cricketers/glenn-phillips-823509",62,36,4,3,172.2200
33,"New Zealand",5,"James Neesham","https://www.espncricinfo.com/cricketers/james-neesham-355269",6,3,1,0,200.0000
33,"New Zealand",6,"Daryl Mitchell","https://www.espncricinfo.com/cricketers/daryl-mitchell-381743",3,5,0,0,60.0000
33,"New Zealand",7,"Mitchell Santner","https://www.espncricinfo.com/cricketers/mitchell-santner-502714",16,10,0,1,160.0000
33,"New Zealand",8,"Ish Sodhi","https://www.espncricinfo.com/cricketers/ish-sodhi-559066",6,6,0,0,100.0000
34,Zimbabwe,1,"Wessly Madhevere","https://www.espncricinfo.com/cricketers/wessly-madhevere-938959",1,5,0,0,20.0000
34,Zimbabwe,2,"Craig Ervine(c)","https://www.espncricinfo.com/cricketers/craig-ervine-55412",3,12,0,0,25.0000
34,Zimbabwe,3,"Regis Chakabva†","https://www.espncricinfo.com/cricketers/regis-chakabva-293831",5,16,1,0,31.2500
34,Zimbabwe,4,"Sean Williams","https://www.espncricinfo.com/cricketers/sean-williams-55870",28,23,3,0,121.7300
34,Zimbabwe,5,"Sikandar Raza","https://www.espncricinfo.com/cricketers/sikandar-raza-299572",40,24,3,3,166.6600
34,Zimbabwe,6,"Milton Shumba","https://www.espncricinfo.com/cricketers/milton-shumba-951781",2,3,0,0,66.6600
34,Zimbabwe,7,"Ryan Burl","https://www.espncricinfo.com/cricketers/ryan-burl-495964",2,7,0,0,28.5700
34,Zimbabwe,8,"Luke Jongwe","https://www.espncricinfo.com/cricketers/luke-jongwe-541224",6,8,0,0,75.0000
34,Zimbabwe,9,"Richard Ngarava","https://www.espncricinfo.com/cricketers/richard-ngarava-806241",9,7,0,1,128.5700
34,Zimbabwe,10,"Tendai Chatara","https://www.espncricinfo.com/cricketers/tendai-chatara-425639",6,7,0,0,85.7100
34,Zimbabwe,11,"Blessing Muzarabani","https://www.espncricinfo.com/cricketers/blessing-muzarabani-827051",1,4,0,0,25.0000
34,Netherlands,1,"Stephan Myburgh","https://www.espncricinfo.com/cricketers/stephan-myburgh-233712",8,7,0,1,114.2800
34,Netherlands,2,"Max O'Dowd","https://www.espncricinfo.com/cricketers/max-o-dowd-643197",52,47,8,1,110.6300
34,Netherlands,3,"Tom Cooper","https://www.espncricinfo.com/cricketers/tom-cooper-219885",32,29,2,1,110.3400
34,Netherlands,4,"Colin Ackermann","https://www.espncricinfo.com/cricketers/colin-ackermann-379774",1,5,0,0,20.0000
34,Netherlands,5,"Bas de Leede","https://www.espncricinfo.com/cricketers/bas-de-leede-1036191",12,12,2,0,100.0000
34,Netherlands,6,"Scott Edwards(c)†","https://www.espncricinfo.com/cricketers/scott-edwards-1127317",5,6,1,0,83.3300
34,Netherlands,7,"Roelof van der Merwe","https://www.espncricinfo.com/cricketers/roelof-van-der-merwe-47850",0,3,0,0,0.0000
35,India,1,"KL Rahul","https://www.espncricinfo.com/cricketers/kl-rahul-422108",50,32,3,4,156.2500
35,India,2,"Rohit Sharma(c)","https://www.espncricinfo.com/cricketers/rohit-sharma-34102",2,8,0,0,25.0000
35,India,3,"Virat Kohli","https://www.espncricinfo.com/cricketers/virat-kohli-253802",64,44,8,1,145.4500
35,India,4,"Suryakumar Yadav","https://www.espncricinfo.com/cricketers/suryakumar-yadav-446507",30,16,4,0,187.5000
35,India,5,"Hardik Pandya","https://www.espncricinfo.com/cricketers/hardik-pandya-625371",5,6,0,0,83.3300
35,India,6,"Dinesh Karthik†","https://www.espncricinfo.com/cricketers/dinesh-karthik-30045",7,5,1,0,140.0000
35,India,7,"Axar Patel","https://www.espncricinfo.com/cricketers/axar-patel-554691",7,6,1,0,116.6600
35,India,8,"Ravichandran Ashwin","https://www.espncricinfo.com/cricketers/ravichandran-ashwin-26421",13,6,1,1,216.6600
35,Bangladesh,1,"Najmul Hossain Shanto","https://www.espncricinfo.com/cricketers/najmul-hossain-shanto-629058",21,25,1,1,84.0000
35,Bangladesh,2,"Litton Das","https://www.espncricinfo.com/cricketers/litton-das-536936",60,27,7,3,222.2200
35,Bangladesh,3,"Shakib Al Hasan(c)","https://www.espncricinfo.com/cricketers/shakib-al-hasan-56143",13,12,2,0,108.3300
35,Bangladesh,4,"Afif Hossain","https://www.espncricinfo.com/cricketers/afif-hossain-935995",3,5,0,0,60.0000
35,Bangladesh,5,"Yasir Ali","https://www.espncricinfo.com/cricketers/yasir-ali-629059",1,3,0,0,33.3300
35,Bangladesh,6,"Nurul Hasan†","https://www.espncricinfo.com/cricketers/nurul-hasan-410765",25,14,2,1,178.5700
35,Bangladesh,7,"Mosaddek Hossain","https://www.espncricinfo.com/cricketers/mosaddek-hossain-550133",6,3,0,1,200.0000
35,Bangladesh,8,"Taskin Ahmed","https://www.espncricinfo.com/cricketers/taskin-ahmed-538506",12,7,1,1,171.4200
36,Pakistan,1,"Mohammad Rizwan†","https://www.espncricinfo.com/cricketers/mohammad-rizwan-323389",4,4,1,0,100.0000
36,Pakistan,2,"Babar Azam(c)","https://www.espncricinfo.com/cricketers/babar-azam-348144",6,15,0,0,40.0000
36,Pakistan,3,"Mohammad Haris","https://www.espncricinfo.com/cricketers/mohammad-haris-1205559",28,11,2,3,254.5400
36,Pakistan,4,"Shan Masood","https://www.espncricinfo.com/cricketers/shan-masood-233901",2,6,0,0,33.3300
36,Pakistan,5,"Iftikhar Ahmed","https://www.espncricinfo.com/cricketers/iftikhar-ahmed-480603",51,35,3,2,145.7100
36,Pakistan,6,"Mohammad Nawaz","https://www.espncricinfo.com/cricketers/mohammad-nawaz-348148",28,22,4,1,127.2700
36,Pakistan,7,"Shadab Khan","https://www.espncricinfo.com/cricketers/shadab-khan-922943",52,22,3,4,236.3600
36,Pakistan,8,"Mohammad Wasim","https://www.espncricinfo.com/cricketers/mohammad-wasim-1185538",0,1,0,0,0.0000
36,Pakistan,9,"Naseem Shah","https://www.espncricinfo.com/cricketers/naseem-shah-1158088",5,3,0,0,166.6600
36,Pakistan,10,"Haris Rauf","https://www.espncricinfo.com/cricketers/haris-rauf-1161606",3,2,0,0,150.0000
36,"South Africa",1,"Temba Bavuma(c)","https://www.espncricinfo.com/cricketers/temba-bavuma-372116",36,19,4,1,189.4700
36,"South Africa",2,"Quinton de Kock†","https://www.espncricinfo.com/cricketers/quinton-de-kock-379143",0,5,0,0,0.0000
36,"South Africa",3,"Rilee Rossouw","https://www.espncricinfo.com/cricketers/rilee-rossouw-318845",7,6,0,1,116.6600
36,"South Africa",4,"Aiden Markram","https://www.espncricinfo.com/cricketers/aiden-markram-600498",20,14,4,0,142.8500
36,"South Africa",5,"Heinrich Klaasen","https://www.espncricinfo.com/cricketers/heinrich-klaasen-436757",15,9,3,0,166.6600
36,"South Africa",6,"Tristan Stubbs","https://www.espncricinfo.com/cricketers/tristan-stubbs-595978",18,18,0,1,100.0000
36,"South Africa",7,"Wayne Parnell","https://www.espncricinfo.com/cricketers/wayne-parnell-265564",3,4,0,0,75.0000
36,"South Africa",8,"Kagiso Rabada","https://www.espncricinfo.com/cricketers/kagiso-rabada-550215",1,2,0,0,50.0000
36,"South Africa",9,"Anrich Nortje","https://www.espncricinfo.com/cricketers/anrich-nortje-481979",1,5,0,0,20.0000
36,"South Africa",10,"Lungi Ngidi","https://www.espncricinfo.com/cricketers/lungi-ngidi-542023",4,1,1,0,400.0000
36,"South Africa",11,"Tabraiz Shamsi","https://www.espncricinfo.com/cricketers/tabraiz-shamsi-379145",1,1,0,0,100.0000
37,"New Zealand",1,"Finn Allen","https://www.espncricinfo.com/cricketers/finn-allen-959759",32,18,5,1,177.7700
37,"New Zealand",2,"Devon Conway†","https://www.espncricinfo.com/cricketers/devon-conway-379140",28,33,2,0,84.8400
37,"New Zealand",3,"Kane Williamson(c)","https://www.espncricinfo.com/cricketers/kane-williamson-277906",61,35,5,3,174.2800
37,"New Zealand",4,"Glenn Phillips","https://www.espncricinfo.com/cricketers/glenn-phillips-823509",17,9,2,1,188.8800
37,"New Zealand",5,"Daryl Mitchell","https://www.espncricinfo.com/cricketers/daryl-mitchell-381743",31,21,2,0,147.6100
37,"New Zealand",6,"James Neesham","https://www.espncricinfo.com/cricketers/james-neesham-355269",0,1,0,0,0.0000
37,"New Zealand",7,"Mitchell Santner","https://www.espncricinfo.com/cricketers/mitchell-santner-502714",0,1,0,0,0.0000
37,"New Zealand",8,"Tim Southee","https://www.espncricinfo.com/cricketers/tim-southee-232364",1,2,0,0,50.0000
37,Ireland,1,"Paul Stirling","https://www.espncricinfo.com/cricketers/paul-stirling-303427",37,27,3,1,137.0300
37,Ireland,2,"Andy Balbirnie(c)","https://www.espncricinfo.com/cricketers/andy-balbirnie-303423",30,25,0,3,120.0000
37,Ireland,3,"Lorcan Tucker†","https://www.espncricinfo.com/cricketers/lorcan-tucker-928057",13,14,0,0,92.8500
37,Ireland,4,"Harry Tector","https://www.espncricinfo.com/cricketers/harry-tector-961407",2,7,0,0,28.5700
37,Ireland,5,"Gareth Delany","https://www.espncricinfo.com/cricketers/gareth-delany-1099379",10,8,2,0,125.0000
37,Ireland,6,"George Dockrell","https://www.espncricinfo.com/cricketers/george-dockrell-348034",23,15,3,0,153.3300
37,Ireland,7,"Curtis Campher","https://www.espncricinfo.com/cricketers/curtis-campher-595921",7,7,1,0,100.0000
37,Ireland,8,"Fionn Hand","https://www.espncricinfo.com/cricketers/fionn-hand-1099225",5,3,1,0,166.6600
37,Ireland,9,"Mark Adair","https://www.espncricinfo.com/cricketers/mark-adair-526441",4,5,0,0,80.0000
37,Ireland,10,"Barry McCarthy","https://www.espncricinfo.com/cricketers/barry-mccarthy-348059",6,5,0,0,120.0000
37,Ireland,11,"Josh Little","https://www.espncricinfo.com/cricketers/josh-little-928067",8,4,0,1,200.0000
38,Australia,1,"David Warner","https://www.espncricinfo.com/cricketers/david-warner-219889",25,18,5,0,138.8800
38,Australia,2,"Cameron Green","https://www.espncricinfo.com/cricketers/cameron-green-1076713",3,2,0,0,150.0000
38,Australia,3,"Mitchell Marsh","https://www.espncricinfo.com/cricketers/mitchell-marsh-272450",45,30,3,2,150.0000
38,Australia,4,"Steven Smith","https://www.espncricinfo.com/cricketers/steven-smith-267192",4,4,1,0,100.0000
38,Australia,5,"Marcus Stoinis","https://www.espncricinfo.com/cricketers/marcus-stoinis-325012",25,21,0,2,119.0400
38,Australia,6,"Glenn Maxwell","https://www.espncricinfo.com/cricketers/glenn-maxwell-325026",54,32,6,2,168.7500
38,Australia,7,"Matthew Wade(c)†","https://www.espncricinfo.com/cricketers/matthew-wade-230193",6,8,1,0,75.0000
38,Australia,8,"Pat Cummins","https://www.espncricinfo.com/cricketers/pat-cummins-489889",0,2,0,0,0.0000
38,Australia,9,"Kane Richardson","https://www.espncricinfo.com/cricketers/kane-richardson-272262",1,1,0,0,100.0000
38,Australia,10,"Adam Zampa","https://www.espncricinfo.com/cricketers/adam-zampa-379504",1,1,0,0,100.0000
38,Afghanistan,1,"Rahmanullah Gurbaz†","https://www.espncricinfo.com/cricketers/rahmanullah-gurbaz-974087",30,17,2,2,176.4700
38,Afghanistan,2,"Usman Ghani","https://www.espncricinfo.com/cricketers/usman-ghani-711559",2,7,0,0,28.5700
38,Afghanistan,3,"Ibrahim Zadran","https://www.espncricinfo.com/cricketers/ibrahim-zadran-921509",26,33,2,0,78.7800
38,Afghanistan,4,"Gulbadin Naib","https://www.espncricinfo.com/cricketers/gulbadin-naib-352048",39,23,3,2,169.5600
38,Afghanistan,5,"Mohammad Nabi(c)","https://www.espncricinfo.com/cricketers/mohammad-nabi-25913",1,2,0,0,50.0000
38,Afghanistan,6,"Najibullah Zadran","https://www.espncricinfo.com/cricketers/najibullah-zadran-524049",0,2,0,0,0.0000
38,Afghanistan,7,"Darwish Rasooli","https://www.espncricinfo.com/cricketers/darwish-rasooli-819441",15,13,1,0,115.3800
38,Afghanistan,8,"Rashid Khan","https://www.espncricinfo.com/cricketers/rashid-khan-793463",48,23,3,4,208.6900
38,Afghanistan,9,Naveen-ul-Haq,"https://www.espncricinfo.com/cricketers/naveen-ul-haq-793447",0,0,0,0,0.0000
39,"Sri Lanka",1,"Pathum Nissanka","https://www.espncricinfo.com/cricketers/pathum-nissanka-1028655",67,45,2,5,148.8800
39,"Sri Lanka",2,"Kusal Mendis†","https://www.espncricinfo.com/cricketers/kusal-mendis-629074",18,14,1,1,128.5700
39,"Sri Lanka",3,"Dhananjaya de Silva","https://www.espncricinfo.com/cricketers/dhananjaya-de-silva-465793",9,11,0,0,81.8100
39,"Sri Lanka",4,"Charith Asalanka","https://www.espncricinfo.com/cricketers/charith-asalanka-784367",8,9,0,0,88.8800
39,"Sri Lanka",5,"Bhanuka Rajapaksa","https://www.espncricinfo.com/cricketers/bhanuka-rajapaksa-342619",22,22,3,0,100.0000
39,"Sri Lanka",6,"Dasun Shanaka(c)","https://www.espncricinfo.com/cricketers/dasun-shanaka-437316",3,8,0,0,37.5000
39,"Sri Lanka",7,"Wanindu Hasaranga","https://www.espncricinfo.com/cricketers/wanindu-hasaranga-784379",9,9,1,0,100.0000
39,"Sri Lanka",8,"Chamika Karunaratne","https://www.espncricinfo.com/cricketers/chamika-karunaratne-623695",0,2,0,0,0.0000
39,"Sri Lanka",9,"Maheesh Theekshana","https://www.espncricinfo.com/cricketers/maheesh-theekshana-1138316",0,0,0,0,0.0000
39,England,1,"Jos Buttler(c)†","https://www.espncricinfo.com/cricketers/jos-buttler-308967",28,23,2,1,121.7300
39,England,2,"Alex Hales","https://www.espncricinfo.com/cricketers/alex-hales-249866",47,30,7,1,156.6600
39,England,3,"Ben Stokes","https://www.espncricinfo.com/cricketers/ben-stokes-311158",42,36,2,0,116.6600
39,England,4,"Harry Brook","https://www.espncricinfo.com/cricketers/harry-brook-911707",4,5,0,0,80.0000
39,England,5,"Liam Livingstone","https://www.espncricinfo.com/cricketers/liam-livingstone-403902",4,6,0,0,66.6600
39,England,6,"Moeen Ali","https://www.espncricinfo.com/cricketers/moeen-ali-8917",1,5,0,0,20.0000
39,England,7,"Sam Curran","https://www.espncricinfo.com/cricketers/sam-curran-662973",6,11,0,0,54.5400
39,England,8,"Chris Woakes","https://www.espncricinfo.com/cricketers/chris-woakes-247235",5,3,1,0,166.6600
40,Netherlands,1,"Stephan Myburgh","https://www.espncricinfo.com/cricketers/stephan-myburgh-233712",37,30,7,0,123.3300
40,Netherlands,2,"Max O'Dowd","https://www.espncricinfo.com/cricketers/max-o-dowd-643197",29,31,1,1,93.5400
40,Netherlands,3,"Tom Cooper","https://www.espncricinfo.com/cricketers/tom-cooper-219885",35,19,2,2,184.2100
40,Netherlands,4,"Colin Ackermann","https://www.espncricinfo.com/cricketers/colin-ackermann-379774",41,26,3,2,157.6900
40,Netherlands,5,"Bas de Leede","https://www.espncricinfo.com/cricketers/bas-de-leede-1036191",1,7,0,0,14.2800
40,Netherlands,6,"Scott Edwards(c)†","https://www.espncricinfo.com/cricketers/scott-edwards-1127317",12,7,2,0,171.4200
40,"South Africa",1,"Quinton de Kock†","https://www.espncricinfo.com/cricketers/quinton-de-kock-379143",13,13,1,1,100.0000
40,"South Africa",2,"Temba Bavuma(c)","https://www.espncricinfo.com/cricketers/temba-bavuma-372116",20,20,2,0,100.0000
40,"South Africa",3,"Rilee Rossouw","https://www.espncricinfo.com/cricketers/rilee-rossouw-318845",25,19,2,0,131.5700
40,"South Africa",4,"Aiden Markram","https://www.espncricinfo.com/cricketers/aiden-markram-600498",17,13,2,0,130.7600
40,"South Africa",5,"David Miller","https://www.espncricinfo.com/cricketers/david-miller-321777",17,17,1,0,100.0000
40,"South Africa",6,"Heinrich Klaasen","https://www.espncricinfo.com/cricketers/heinrich-klaasen-436757",21,18,0,1,116.6600
40,"South Africa",7,"Wayne Parnell","https://www.espncricinfo.com/cricketers/wayne-parnell-265564",0,2,0,0,0.0000
40,"South Africa",8,"Keshav Maharaj","https://www.espncricinfo.com/cricketers/keshav-maharaj-267724",13,12,0,1,108.3300
40,"South Africa",9,"Kagiso Rabada","https://www.espncricinfo.com/cricketers/kagiso-rabada-550215",9,8,0,0,112.5000
40,"South Africa",10,"Anrich Nortje","https://www.espncricinfo.com/cricketers/anrich-nortje-481979",4,1,1,0,400.0000
41,Bangladesh,1,"Najmul Hossain Shanto","https://www.espncricinfo.com/cricketers/najmul-hossain-shanto-629058",54,48,7,0,112.5000
41,Bangladesh,2,"Litton Das","https://www.espncricinfo.com/cricketers/litton-das-536936",10,8,0,1,125.0000
41,Bangladesh,3,"Soumya Sarkar","https://www.espncricinfo.com/cricketers/soumya-sarkar-436677",20,17,1,1,117.6400
41,Bangladesh,4,"Shakib Al Hasan(c)","https://www.espncricinfo.com/cricketers/shakib-al-hasan-56143",0,1,0,0,0.0000
41,Bangladesh,5,"Afif Hossain","https://www.espncricinfo.com/cricketers/afif-hossain-935995",24,20,3,0,120.0000
41,Bangladesh,6,"Mosaddek Hossain","https://www.espncricinfo.com/cricketers/mosaddek-hossain-550133",5,11,0,0,45.4500
41,Bangladesh,7,"Nurul Hasan†","https://www.espncricinfo.com/cricketers/nurul-hasan-410765",0,3,0,0,0.0000
41,Bangladesh,8,"Taskin Ahmed","https://www.espncricinfo.com/cricketers/taskin-ahmed-538506",1,5,0,0,20.0000
41,Bangladesh,9,"Nasum Ahmed","https://www.espncricinfo.com/cricketers/nasum-ahmed-348049",7,6,1,0,116.6600
41,Bangladesh,10,"Mustafizur Rahman","https://www.espncricinfo.com/cricketers/mustafizur-rahman-330902",0,1,0,0,0.0000
41,Pakistan,1,"Mohammad Rizwan†","https://www.espncricinfo.com/cricketers/mohammad-rizwan-323389",32,32,2,1,100.0000
41,Pakistan,2,"Babar Azam(c)","https://www.espncricinfo.com/cricketers/babar-azam-348144",25,33,2,0,75.7500
41,Pakistan,3,"Mohammad Nawaz","https://www.espncricinfo.com/cricketers/mohammad-nawaz-348148",4,11,0,0,36.3600
41,Pakistan,4,"Mohammad Haris","https://www.espncricinfo.com/cricketers/mohammad-haris-1205559",31,18,1,2,172.2200
41,Pakistan,5,"Shan Masood","https://www.espncricinfo.com/cricketers/shan-masood-233901",24,14,2,0,171.4200
41,Pakistan,6,"Iftikhar Ahmed","https://www.espncricinfo.com/cricketers/iftikhar-ahmed-480603",1,3,0,0,33.3300
41,Pakistan,7,"Shadab Khan","https://www.espncricinfo.com/cricketers/shadab-khan-922943",0,0,0,0,0.0000
42,India,1,"KL Rahul","https://www.espncricinfo.com/cricketers/kl-rahul-422108",51,35,3,3,145.7100
42,India,2,"Rohit Sharma(c)","https://www.espncricinfo.com/cricketers/rohit-sharma-34102",15,13,2,0,115.3800
42,India,3,"Virat Kohli","https://www.espncricinfo.com/cricketers/virat-kohli-253802",26,25,2,0,104.0000
42,India,4,"Suryakumar Yadav","https://www.espncricinfo.com/cricketers/suryakumar-yadav-446507",61,25,6,4,244.0000
42,India,5,"Rishabh Pant†","https://www.espncricinfo.com/cricketers/rishabh-pant-931581",3,5,0,0,60.0000
42,India,6,"Hardik Pandya","https://www.espncricinfo.com/cricketers/hardik-pandya-625371",18,18,2,0,100.0000
42,India,7,"Axar Patel","https://www.espncricinfo.com/cricketers/axar-patel-554691",0,0,0,0,0.0000
42,Zimbabwe,1,"Wessly Madhevere","https://www.espncricinfo.com/cricketers/wessly-madhevere-938959",0,1,0,0,0.0000
42,Zimbabwe,2,"Craig Ervine(c)","https://www.espncricinfo.com/cricketers/craig-ervine-55412",13,15,2,0,86.6600
42,Zimbabwe,3,"Regis Chakabva†","https://www.espncricinfo.com/cricketers/regis-chakabva-293831",0,6,0,0,0.0000
42,Zimbabwe,4,"Sean Williams","https://www.espncricinfo.com/cricketers/sean-williams-55870",11,18,0,1,61.1100
42,Zimbabwe,5,"Sikandar Raza","https://www.espncricinfo.com/cricketers/sikandar-raza-299572",34,24,3,0,141.6600
42,Zimbabwe,6,"Tony Munyonga","https://www.espncricinfo.com/cricketers/tony-munyonga-1122853",5,4,1,0,125.0000
42,Zimbabwe,7,"Ryan Burl","https://www.espncricinfo.com/cricketers/ryan-burl-495964",35,22,5,1,159.0900
42,Zimbabwe,8,"Wellington Masakadza","https://www.espncricinfo.com/cricketers/wellington-masakadza-571703",1,7,0,0,14.2800
42,Zimbabwe,9,"Richard Ngarava","https://www.espncricinfo.com/cricketers/richard-ngarava-806241",1,2,0,0,50.0000
42,Zimbabwe,10,"Tendai Chatara","https://www.espncricinfo.com/cricketers/tendai-chatara-425639",4,4,1,0,100.0000
42,Zimbabwe,11,"Blessing Muzarabani","https://www.espncricinfo.com/cricketers/blessing-muzarabani-827051",0,2,0,0,0.0000
"1st Semi-Final","New Zealand",1,"Finn Allen","https://www.espncricinfo.com/cricketers/finn-allen-959759",4,3,1,0,133.3300
"1st Semi-Final","New Zealand",2,"Devon Conway†","https://www.espncricinfo.com/cricketers/devon-conway-379140",21,20,3,0,105.0000
"1st Semi-Final","New Zealand",3,"Kane Williamson(c)","https://www.espncricinfo.com/cricketers/kane-williamson-277906",46,42,1,1,109.5200
"1st Semi-Final","New Zealand",4,"Glenn Phillips","https://www.espncricinfo.com/cricketers/glenn-phillips-823509",6,8,1,0,75.0000
"1st Semi-Final","New Zealand",5,"Daryl Mitchell","https://www.espncricinfo.com/cricketers/daryl-mitchell-381743",53,35,3,1,151.4200
"1st Semi-Final","New Zealand",6,"James Neesham","https://www.espncricinfo.com/cricketers/james-neesham-355269",16,12,1,0,133.3300
"1st Semi-Final",Pakistan,1,"Mohammad Rizwan†","https://www.espncricinfo.com/cricketers/mohammad-rizwan-323389",57,43,5,0,132.5500
"1st Semi-Final",Pakistan,2,"Babar Azam(c)","https://www.espncricinfo.com/cricketers/babar-azam-348144",53,42,7,0,126.1900
"1st Semi-Final",Pakistan,3,"Mohammad Haris","https://www.espncricinfo.com/cricketers/mohammad-haris-1205559",30,26,2,1,115.3800
"1st Semi-Final",Pakistan,4,"Shan Masood","https://www.espncricinfo.com/cricketers/shan-masood-233901",3,4,0,0,75.0000
"1st Semi-Final",Pakistan,5,"Iftikhar Ahmed","https://www.espncricinfo.com/cricketers/iftikhar-ahmed-480603",0,0,0,0,0.0000
"2nd Semi-Final",India,1,"KL Rahul","https://www.espncricinfo.com/cricketers/kl-rahul-422108",5,5,1,0,100.0000
"2nd Semi-Final",India,2,"Rohit Sharma(c)","https://www.espncricinfo.com/cricketers/rohit-sharma-34102",27,28,4,0,96.4200
"2nd Semi-Final",India,3,"Virat Kohli","https://www.espncricinfo.com/cricketers/virat-kohli-253802",50,40,4,1,125.0000
"2nd Semi-Final",India,4,"Suryakumar Yadav","https://www.espncricinfo.com/cricketers/suryakumar-yadav-446507",14,10,1,1,140.0000
"2nd Semi-Final",India,5,"Hardik Pandya","https://www.espncricinfo.com/cricketers/hardik-pandya-625371",63,33,4,5,190.9000
"2nd Semi-Final",India,6,"Rishabh Pant†","https://www.espncricinfo.com/cricketers/rishabh-pant-931581",6,4,1,0,150.0000
"2nd Semi-Final",India,7,"Ravichandran Ashwin","https://www.espncricinfo.com/cricketers/ravichandran-ashwin-26421",0,0,0,0,0.0000
"2nd Semi-Final",England,1,"Jos Buttler(c)†","https://www.espncricinfo.com/cricketers/jos-buttler-308967",80,49,9,3,163.2600
"2nd Semi-Final",England,2,"Alex Hales","https://www.espncricinfo.com/cricketers/alex-hales-249866",86,47,4,7,182.9700
Final,Pakistan,1,"Mohammad Rizwan†","https://www.espncricinfo.com/cricketers/mohammad-rizwan-323389",15,14,0,1,107.1400
Final,Pakistan,2,"Babar Azam(c)","https://www.espncricinfo.com/cricketers/babar-azam-348144",32,28,2,0,114.2800
Final,Pakistan,3,"Mohammad Haris","https://www.espncricinfo.com/cricketers/mohammad-haris-1205559",8,12,1,0,66.6600
Final,Pakistan,4,"Shan Masood","https://www.espncricinfo.com/cricketers/shan-masood-233901",38,28,2,1,135.7100
Final,Pakistan,5,"Iftikhar Ahmed","https://www.espncricinfo.com/cricketers/iftikhar-ahmed-480603",0,6,0,0,0.0000
Final,Pakistan,6,"Shadab Khan","https://www.espncricinfo.com/cricketers/shadab-khan-922943",20,14,2,0,142.8500
Final,Pakistan,7,"Mohammad Nawaz","https://www.espncricinfo.com/cricketers/mohammad-nawaz-348148",5,7,0,0,71.4200
Final,Pakistan,8,"Mohammad Wasim","https://www.espncricinfo.com/cricketers/mohammad-wasim-1185538",4,8,0,0,50.0000
Final,Pakistan,9,"Shaheen Shah Afridi","https://www.espncricinfo.com/cricketers/shaheen-shah-afridi-1072470",5,3,1,0,166.6600
Final,Pakistan,10,"Haris Rauf","https://www.espncricinfo.com/cricketers/haris-rauf-1161606",1,1,0,0,100.0000
Final,England,1,"Jos Buttler(c)†","https://www.espncricinfo.com/cricketers/jos-buttler-308967",26,17,3,1,152.9400
Final,England,2,"Alex Hales","https://www.espncricinfo.com/cricketers/alex-hales-249866",1,2,0,0,50.0000
Final,England,3,"Phil Salt","https://www.espncricinfo.com/cricketers/phil-salt-669365",10,9,2,0,111.1100
Final,England,4,"Ben Stokes","https://www.espncricinfo.com/cricketers/ben-stokes-311158",52,49,5,1,106.1200
Final,England,5,"Harry Brook","https://www.espncricinfo.com/cricketers/harry-brook-911707",20,23,1,0,86.9500
Final,England,6,"Moeen Ali","https://www.espncricinfo.com/cricketers/moeen-ali-8917",19,13,3,0,146.1500
Final,England,7,"Liam Livingstone","https://www.espncricinfo.com/cricketers/liam-livingstone-403902",1,1,0,0,100.0000
