MATCHNUMBOWL,BOWLERNAME,BOWLERURL,BOWLINGTEAM,NUMBEROVERS,MADEINOVERS,RUNSGIVEN,WICKETSTAKEN,ECONAMY,DOTBALLS,FOURGIVEN,SIXESGIVEN,NOBALLSGIVEN
1,"Maheesh Theekshana","https://www.espncricinfo.com/cricketers/maheesh-theekshana-1138316","Sri Lanka",4,0,23,1,6,7,0,0,0
1,"Dushmantha Chameera","https://www.espncricinfo.com/cricketers/dushmantha-chameera-552152","Sri Lanka",4,0,39,1,10,6,3,1,0
1,"Pramod Madushan","https://www.espncricinfo.com/cricketers/pramod-madushan-826689","Sri Lanka",4,0,37,2,9,6,3,1,0
1,"Chamika Karunaratne","https://www.espncricinfo.com/cricketers/chamika-karunaratne-623695","Sri Lanka",4,0,36,1,9,7,3,1,0
1,"Wanindu Hasaranga","https://www.espncricinfo.com/cricketers/wanindu-hasaranga-784379","Sri Lanka",4,0,27,1,7,8,1,1,0
1,"Gerhard Erasmus","https://www.espncricinfo.com/cricketers/gerhard-erasmus-519070",Namibia,1,0,8,0,8,1,1,0,0
1,"David Wiese","https://www.espncricinfo.com/cricketers/david-wiese-221140",Namibia,4,0,16,2,4,13,1,0,0
1,"Bernard Scholtz","https://www.espncricinfo.com/cricketers/bernard-scholtz-330223",Namibia,4,0,18,2,5,10,1,0,0
1,"Ben Shikongo","https://www.espncricinfo.com/cricketers/ben-shikongo-1069820",Namibia,3,1,22,2,7,6,3,0,0
1,"JJ Smit","https://www.espncricinfo.com/cricketers/jj-smit-553821",Namibia,3,0,16,1,5,7,0,0,0
1,"Jan Frylinck","https://www.espncricinfo.com/cricketers/jan-frylinck-482478",Namibia,4,0,26,2,7,10,0,2,0
2,"Fred Klaassen","https://www.espncricinfo.com/cricketers/fred-klaassen-1104703",Netherlands,4,0,13,2,3,18,0,0,0
2,"Tim Pringle","https://www.espncricinfo.com/cricketers/tim-pringle-1193548",Netherlands,4,0,13,1,3,11,0,0,0
2,"Logan van Beek","https://www.espncricinfo.com/cricketers/logan-van-beek-440522",Netherlands,2,0,19,0,10,5,0,2,0
2,"Bas de Leede","https://www.espncricinfo.com/cricketers/bas-de-leede-1036191",Netherlands,3,0,19,3,6,9,2,0,0
2,"Paul van Meekeren","https://www.espncricinfo.com/cricketers/paul-van-meekeren-348109",Netherlands,4,0,21,0,5,11,1,0,0
2,"Roelof van der Merwe","https://www.espncricinfo.com/cricketers/roelof-van-der-merwe-47850",Netherlands,3,0,19,1,6,7,0,1,0
2,"Junaid Siddique","https://www.espncricinfo.com/cricketers/junaid-siddique-1203754","United Arab Emirates",4,0,24,3,6,10,2,0,0
2,"Basil Hameed","https://www.espncricinfo.com/cricketers/basil-hameed-1209110","United Arab Emirates",1,0,7,1,7,4,0,1,0
2,"Aayan Afzal Khan","https://www.espncricinfo.com/cricketers/aayan-afzal-khan-1241265","United Arab Emirates",3,0,15,1,5,8,1,0,0
2,"Karthik Meiyappan","https://www.espncricinfo.com/cricketers/karthik-meiyappan-1058987","United Arab Emirates",4,0,22,1,6,11,2,0,0
2,"Zahoor Khan","https://www.espncricinfo.com/cricketers/zahoor-khan-384525","United Arab Emirates",4,0,11,1,3,14,0,0,0
2,"Zawar Farid","https://www.espncricinfo.com/cricketers/zawar-farid-1196500","United Arab Emirates",3,0,24,0,8,2,2,0,0
2,"Kashif Daud","https://www.espncricinfo.com/cricketers/kashif-daud-229225","United Arab Emirates",1,0,5,0,5,1,0,0,0
3,"Kyle Mayers","https://www.espncricinfo.com/cricketers/kyle-mayers-348056","West Indies",2,0,24,0,12,5,5,0,0
3,"Akeal Hosein","https://www.espncricinfo.com/cricketers/akeal-hosein-530812","West Indies",4,0,31,0,8,8,2,1,0
3,"Alzarri Joseph","https://www.espncricinfo.com/cricketers/alzarri-joseph-670031","West Indies",4,0,28,2,7,9,3,0,0
3,"Obed McCoy","https://www.espncricinfo.com/cricketers/obed-mccoy-906783","West Indies",3,0,25,0,8,6,4,0,0
3,"Jason Holder","https://www.espncricinfo.com/cricketers/jason-holder-391485","West Indies",3,0,14,2,5,8,1,0,0
3,"Odean Smith","https://www.espncricinfo.com/cricketers/odean-smith-820691","West Indies",4,0,31,1,8,6,3,0,0
3,"Mark Watt","https://www.espncricinfo.com/cricketers/mark-watt-659081",Scotland,4,0,12,3,3,16,1,0,0
3,"Brad Wheal","https://www.espncricinfo.com/cricketers/brad-wheal-807535",Scotland,4,0,32,2,8,10,4,1,0
3,"Josh Davey","https://www.espncricinfo.com/cricketers/josh-davey-407265",Scotland,3,0,34,1,11,8,4,2,0
3,"Safyaan Sharif","https://www.espncricinfo.com/cricketers/safyaan-sharif-414970",Scotland,3,0,23,1,7,7,2,0,0
3,"Michael Leask","https://www.espncricinfo.com/cricketers/michael-leask-414966",Scotland,4,0,15,2,4,11,0,0,0
4,"Josh Little","https://www.espncricinfo.com/cricketers/josh-little-928067",Ireland,4,0,24,3,6,11,3,0,0
4,"Mark Adair","https://www.espncricinfo.com/cricketers/mark-adair-526441",Ireland,4,0,39,2,10,6,3,1,0
4,"Barry McCarthy","https://www.espncricinfo.com/cricketers/barry-mccarthy-348059",Ireland,4,0,24,0,6,11,2,0,0
4,"Curtis Campher","https://www.espncricinfo.com/cricketers/curtis-campher-595921",Ireland,3,0,29,0,10,6,2,2,0
4,"Simi Singh","https://www.espncricinfo.com/cricketers/simi-singh-1005257",Ireland,3,0,31,2,10,5,2,2,0
4,"Gareth Delany","https://www.espncricinfo.com/cricketers/gareth-delany-1099379",Ireland,2,0,21,0,11,4,2,1,0
4,"Richard Ngarava","https://www.espncricinfo.com/cricketers/richard-ngarava-806241",Zimbabwe,4,0,22,2,6,13,3,0,0
4,"Tendai Chatara","https://www.espncricinfo.com/cricketers/tendai-chatara-425639",Zimbabwe,4,0,22,2,6,13,1,1,0
4,"Blessing Muzarabani","https://www.espncricinfo.com/cricketers/blessing-muzarabani-827051",Zimbabwe,4,0,23,3,6,14,0,2,1
4,"Luke Jongwe","https://www.espncricinfo.com/cricketers/luke-jongwe-541224",Zimbabwe,2,0,24,0,12,1,4,0,0
4,"Sean Williams","https://www.espncricinfo.com/cricketers/sean-williams-55870",Zimbabwe,3,0,20,1,7,3,0,0,0
4,"Sikandar Raza","https://www.espncricinfo.com/cricketers/sikandar-raza-299572",Zimbabwe,3,0,22,1,7,8,1,1,0
5,"Fred Klaassen","https://www.espncricinfo.com/cricketers/fred-klaassen-1104703",Netherlands,3,0,15,0,5,11,1,0,0
5,"Tim Pringle","https://www.espncricinfo.com/cricketers/tim-pringle-1193548",Netherlands,3,0,15,1,5,8,0,0,0
5,"Bas de Leede","https://www.espncricinfo.com/cricketers/bas-de-leede-1036191",Netherlands,3,0,18,2,6,6,1,0,0
5,"Colin Ackermann","https://www.espncricinfo.com/cricketers/colin-ackermann-379774",Netherlands,3,0,17,1,6,8,2,0,0
5,"Paul van Meekeren","https://www.espncricinfo.com/cricketers/paul-van-meekeren-348109",Netherlands,4,0,18,1,5,11,1,0,0
5,"Timm van der Gugten","https://www.espncricinfo.com/cricketers/timm-van-der-gugten-333782",Netherlands,3,0,29,0,10,4,1,1,0
5,"Roelof van der Merwe","https://www.espncricinfo.com/cricketers/roelof-van-der-merwe-47850",Netherlands,1,0,6,1,6,1,0,0,0
5,"Bernard Scholtz","https://www.espncricinfo.com/cricketers/bernard-scholtz-330223",Namibia,4,0,21,1,5,10,0,1,0
5,"David Wiese","https://www.espncricinfo.com/cricketers/david-wiese-221140",Namibia,2,0,22,0,9,4,3,0,0
5,"Gerhard Erasmus","https://www.espncricinfo.com/cricketers/gerhard-erasmus-519070",Namibia,3,0,13,0,4,8,0,0,0
5,"Ben Shikongo","https://www.espncricinfo.com/cricketers/ben-shikongo-1069820",Namibia,1,0,18,0,18,1,0,2,0
5,"JJ Smit","https://www.espncricinfo.com/cricketers/jj-smit-553821",Namibia,4,0,24,2,6,9,2,0,0
5,"Jan Frylinck","https://www.espncricinfo.com/cricketers/jan-frylinck-482478",Namibia,4,1,16,1,4,11,1,0,0
5,"Jan Nicol Loftie-Eaton","https://www.espncricinfo.com/cricketers/jan-nicol-loftie-eaton-1071473",Namibia,1,0,8,0,8,2,1,0,1
6,"Junaid Siddique","https://www.espncricinfo.com/cricketers/junaid-siddique-1203754","United Arab Emirates",4,0,36,0,9,8,2,1,0
6,"Kashif Daud","https://www.espncricinfo.com/cricketers/kashif-daud-229225","United Arab Emirates",1,0,14,0,14,0,2,0,0
6,"Zahoor Khan","https://www.espncricinfo.com/cricketers/zahoor-khan-384525","United Arab Emirates",4,0,26,2,7,10,3,0,0
6,"Aayan Afzal Khan","https://www.espncricinfo.com/cricketers/aayan-afzal-khan-1241265","United Arab Emirates",3,0,16,1,5,7,1,0,0
6,"Aryan Lakra","https://www.espncricinfo.com/cricketers/aryan-lakra-1058989","United Arab Emirates",3,0,24,1,8,5,3,0,0
6,"Karthik Meiyappan","https://www.espncricinfo.com/cricketers/karthik-meiyappan-1058987","United Arab Emirates",4,0,19,3,5,12,0,1,0
6,"Basil Hameed","https://www.espncricinfo.com/cricketers/basil-hameed-1209110","United Arab Emirates",1,0,13,0,13,1,1,1,0
6,"Pramod Madushan","https://www.espncricinfo.com/cricketers/pramod-madushan-826689","Sri Lanka",3,0,14,1,5,12,2,0,0
6,"Maheesh Theekshana","https://www.espncricinfo.com/cricketers/maheesh-theekshana-1138316","Sri Lanka",3,0,15,2,5,10,2,0,0
6,"Dushmantha Chameera","https://www.espncricinfo.com/cricketers/dushmantha-chameera-552152","Sri Lanka",4,0,15,3,4,16,0,1,0
6,"Chamika Karunaratne","https://www.espncricinfo.com/cricketers/chamika-karunaratne-623695","Sri Lanka",2,0,14,0,7,5,2,0,0
6,"Wanindu Hasaranga","https://www.espncricinfo.com/cricketers/wanindu-hasaranga-784379","Sri Lanka",4,1,8,3,2,17,0,0,0
6,"Dasun Shanaka","https://www.espncricinfo.com/cricketers/dasun-shanaka-437316","Sri Lanka",1,0,7,1,6,3,0,0,0
7,"Josh Little","https://www.espncricinfo.com/cricketers/josh-little-928067",Ireland,4,0,30,1,8,10,2,1,0
7,"Mark Adair","https://www.espncricinfo.com/cricketers/mark-adair-526441",Ireland,4,0,23,1,6,12,2,0,0
7,"Barry McCarthy","https://www.espncricinfo.com/cricketers/barry-mccarthy-348059",Ireland,4,0,59,0,15,4,6,3,1
7,"Gareth Delany","https://www.espncricinfo.com/cricketers/gareth-delany-1099379",Ireland,3,0,28,0,9,3,2,1,0
7,"Simi Singh","https://www.espncricinfo.com/cricketers/simi-singh-1005257",Ireland,2,0,16,0,8,2,2,0,0
7,"Curtis Campher","https://www.espncricinfo.com/cricketers/curtis-campher-595921",Ireland,2,0,9,2,5,7,1,0,0
7,"George Dockrell","https://www.espncricinfo.com/cricketers/george-dockrell-348034",Ireland,1,0,9,0,9,1,1,0,0
7,"Mark Watt","https://www.espncricinfo.com/cricketers/mark-watt-659081",Scotland,4,0,39,1,10,10,2,1,0
7,"Brad Wheal","https://www.espncricinfo.com/cricketers/brad-wheal-807535",Scotland,4,0,25,1,6,11,2,1,0
7,"Josh Davey","https://www.espncricinfo.com/cricketers/josh-davey-407265",Scotland,4,0,46,0,12,5,8,0,0
7,"Safyaan Sharif","https://www.espncricinfo.com/cricketers/safyaan-sharif-414970",Scotland,3,0,32,1,11,3,4,0,0
7,"Chris Greaves","https://www.espncricinfo.com/cricketers/chris-greaves-873199",Scotland,2,0,18,0,9,1,0,1,0
7,"Michael Leask","https://www.espncricinfo.com/cricketers/michael-leask-414966",Scotland,2,0,16,1,8,2,1,0,0
8,"Richard Ngarava","https://www.espncricinfo.com/cricketers/richard-ngarava-806241",Zimbabwe,3,0,20,0,7,9,1,1,0
8,"Tendai Chatara","https://www.espncricinfo.com/cricketers/tendai-chatara-425639",Zimbabwe,3,0,22,0,7,5,2,0,0
8,"Blessing Muzarabani","https://www.espncricinfo.com/cricketers/blessing-muzarabani-827051",Zimbabwe,4,0,38,2,10,10,2,2,1
8,"Ryan Burl","https://www.espncricinfo.com/cricketers/ryan-burl-495964",Zimbabwe,3,0,27,0,9,5,3,1,0
8,"Sikandar Raza","https://www.espncricinfo.com/cricketers/sikandar-raza-299572",Zimbabwe,4,0,19,3,5,7,0,0,0
8,"Sean Williams","https://www.espncricinfo.com/cricketers/sean-williams-55870",Zimbabwe,3,0,17,1,6,7,1,0,1
8,"Kyle Mayers","https://www.espncricinfo.com/cricketers/kyle-mayers-348056","West Indies",1,0,17,0,17,3,3,0,0
8,"Akeal Hosein","https://www.espncricinfo.com/cricketers/akeal-hosein-530812","West Indies",4,0,25,1,6,12,1,1,1
8,"Alzarri Joseph","https://www.espncricinfo.com/cricketers/alzarri-joseph-670031","West Indies",4,0,16,4,4,16,1,1,0
8,"Obed McCoy","https://www.espncricinfo.com/cricketers/obed-mccoy-906783","West Indies",3,0,19,1,6,9,3,0,0
8,"Jason Holder","https://www.espncricinfo.com/cricketers/jason-holder-391485","West Indies",3,0,12,3,4,12,1,0,0
8,"Odean Smith","https://www.espncricinfo.com/cricketers/odean-smith-820691","West Indies",3,0,31,1,10,8,4,1,1
9,"Fred Klaassen","https://www.espncricinfo.com/cricketers/fred-klaassen-1104703",Netherlands,4,0,34,1,9,9,1,2,0
9,"Tim Pringle","https://www.espncricinfo.com/cricketers/tim-pringle-1193548",Netherlands,3,0,22,0,7,8,0,2,0
9,"Roelof van der Merwe","https://www.espncricinfo.com/cricketers/roelof-van-der-merwe-47850",Netherlands,3,0,16,0,5,10,2,0,0
9,"Paul van Meekeren","https://www.espncricinfo.com/cricketers/paul-van-meekeren-348109",Netherlands,4,0,25,2,6,11,3,0,0
9,"Bas de Leede","https://www.espncricinfo.com/cricketers/bas-de-leede-1036191",Netherlands,3,0,31,2,10,5,2,2,0
9,"Timm van der Gugten","https://www.espncricinfo.com/cricketers/timm-van-der-gugten-333782",Netherlands,3,0,31,1,10,3,2,1,0
9,"Dhananjaya de Silva","https://www.espncricinfo.com/cricketers/dhananjaya-de-silva-465793","Sri Lanka",1,0,5,0,5,1,0,0,0
9,"Lahiru Kumara","https://www.espncricinfo.com/cricketers/lahiru-kumara-784375","Sri Lanka",4,0,28,1,7,14,2,1,0
9,"Binura Fernando","https://www.espncricinfo.com/cricketers/binura-fernando-629080","Sri Lanka",4,0,33,1,8,11,4,1,0
9,"Maheesh Theekshana","https://www.espncricinfo.com/cricketers/maheesh-theekshana-1138316","Sri Lanka",4,0,32,2,8,12,1,2,1
9,"Wanindu Hasaranga","https://www.espncricinfo.com/cricketers/wanindu-hasaranga-784379","Sri Lanka",4,0,28,3,7,11,3,0,0
9,"Chamika Karunaratne","https://www.espncricinfo.com/cricketers/chamika-karunaratne-623695","Sri Lanka",2,0,11,0,6,6,1,0,0
9,"Dasun Shanaka","https://www.espncricinfo.com/cricketers/dasun-shanaka-437316","Sri Lanka",1,0,7,0,7,3,1,0,0
10,"Ruben Trumpelmann","https://www.espncricinfo.com/cricketers/ruben-trumpelmann-698317",Namibia,4,0,22,0,6,10,0,0,0
10,"David Wiese","https://www.espncricinfo.com/cricketers/david-wiese-221140",Namibia,4,0,27,1,7,12,2,1,0
10,"Bernard Scholtz","https://www.espncricinfo.com/cricketers/bernard-scholtz-330223",Namibia,4,0,22,1,6,11,1,1,0
10,"JJ Smit","https://www.espncricinfo.com/cricketers/jj-smit-553821",Namibia,4,0,39,0,10,11,2,3,0
10,"Jan Frylinck","https://www.espncricinfo.com/cricketers/jan-frylinck-482478",Namibia,3,0,30,0,10,3,2,1,0
10,"Ben Shikongo","https://www.espncricinfo.com/cricketers/ben-shikongo-1069820",Namibia,1,0,8,1,8,1,1,0,0
10,"Basil Hameed","https://www.espncricinfo.com/cricketers/basil-hameed-1209110","United Arab Emirates",3,0,17,2,6,10,2,0,0
10,"Junaid Siddique","https://www.espncricinfo.com/cricketers/junaid-siddique-1203754","United Arab Emirates",4,0,35,1,9,8,3,1,0
10,"Zahoor Khan","https://www.espncricinfo.com/cricketers/zahoor-khan-384525","United Arab Emirates",4,0,20,2,5,15,1,0,2
10,"Ahmed Raza","https://www.espncricinfo.com/cricketers/ahmed-raza-245490","United Arab Emirates",1,0,9,0,9,1,1,0,0
10,"Karthik Meiyappan","https://www.espncricinfo.com/cricketers/karthik-meiyappan-1058987","United Arab Emirates",4,0,34,1,9,8,2,2,0
10,"Aayan Afzal Khan","https://www.espncricinfo.com/cricketers/aayan-afzal-khan-1241265","United Arab Emirates",2,0,7,0,4,5,0,0,0
10,"Muhammad Waseem","https://www.espncricinfo.com/cricketers/muhammad-waseem-1241277","United Arab Emirates",2,0,16,1,8,3,0,1,0
11,"Josh Little","https://www.espncricinfo.com/cricketers/josh-little-928067",Ireland,4,0,31,0,8,8,1,2,0
11,"Mark Adair","https://www.espncricinfo.com/cricketers/mark-adair-526441",Ireland,4,0,26,0,7,12,1,1,0
11,"Barry McCarthy","https://www.espncricinfo.com/cricketers/barry-mccarthy-348059",Ireland,4,0,33,1,8,9,3,1,0
11,"Curtis Campher","https://www.espncricinfo.com/cricketers/curtis-campher-595921",Ireland,2,0,28,0,14,2,4,1,0
11,"Simi Singh","https://www.espncricinfo.com/cricketers/simi-singh-1005257",Ireland,2,0,11,1,6,4,1,0,0
11,"Gareth Delany","https://www.espncricinfo.com/cricketers/gareth-delany-1099379",Ireland,4,0,16,3,4,12,1,0,0
11,"Obed McCoy","https://www.espncricinfo.com/cricketers/obed-mccoy-906783","West Indies",3,0,27,0,8,11,2,2,0
11,"Akeal Hosein","https://www.espncricinfo.com/cricketers/akeal-hosein-530812","West Indies",4,0,38,1,10,5,2,2,0
11,"Alzarri Joseph","https://www.espncricinfo.com/cricketers/alzarri-joseph-670031","West Indies",4,0,39,0,10,9,3,2,0
11,"Odean Smith","https://www.espncricinfo.com/cricketers/odean-smith-820691","West Indies",2,0,23,0,12,4,3,1,1
11,"Jason Holder","https://www.espncricinfo.com/cricketers/jason-holder-391485","West Indies",4,0,23,0,6,7,1,0,0
12,"Tendai Chatara","https://www.espncricinfo.com/cricketers/tendai-chatara-425639",Zimbabwe,4,1,14,2,4,14,1,0,0
12,"Richard Ngarava","https://www.espncricinfo.com/cricketers/richard-ngarava-806241",Zimbabwe,4,0,28,2,7,12,4,0,1
12,"Blessing Muzarabani","https://www.espncricinfo.com/cricketers/blessing-muzarabani-827051",Zimbabwe,4,0,34,1,9,9,5,0,2
12,"Sean Williams","https://www.espncricinfo.com/cricketers/sean-williams-55870",Zimbabwe,3,0,19,0,6,4,1,0,0
12,"Sikandar Raza","https://www.espncricinfo.com/cricketers/sikandar-raza-299572",Zimbabwe,4,0,20,1,5,10,0,0,0
12,"Wessly Madhevere","https://www.espncricinfo.com/cricketers/wessly-madhevere-938959",Zimbabwe,1,0,7,0,7,1,0,0,0
12,"Brad Wheal","https://www.espncricinfo.com/cricketers/brad-wheal-807535",Scotland,4,0,26,1,7,12,4,0,0
12,"Josh Davey","https://www.espncricinfo.com/cricketers/josh-davey-407265",Scotland,3,0,16,2,5,8,1,0,1
12,"Safyaan Sharif","https://www.espncricinfo.com/cricketers/safyaan-sharif-414970",Scotland,2,0,23,0,9,4,3,0,1
12,"Mark Watt","https://www.espncricinfo.com/cricketers/mark-watt-659081",Scotland,4,0,19,1,5,9,1,0,0
12,"Michael Leask","https://www.espncricinfo.com/cricketers/michael-leask-414966",Scotland,4,0,36,1,9,4,2,1,0
12,"Calum MacLeod","https://www.espncricinfo.com/cricketers/calum-macleod-232435",Scotland,1,0,11,0,11,0,0,1,0
13,"Mitchell Starc","https://www.espncricinfo.com/cricketers/mitchell-starc-311592",Australia,4,0,36,0,9,5,3,1,0
13,"Josh Hazlewood","https://www.espncricinfo.com/cricketers/josh-hazlewood-288284",Australia,4,0,41,2,10,8,5,1,0
13,"Pat Cummins","https://www.espncricinfo.com/cricketers/pat-cummins-489889",Australia,4,0,46,0,12,8,4,2,0
13,"Marcus Stoinis","https://www.espncricinfo.com/cricketers/marcus-stoinis-325012",Australia,4,0,38,0,10,3,1,2,0
13,"Adam Zampa","https://www.espncricinfo.com/cricketers/adam-zampa-379504",Australia,4,0,39,1,10,4,2,2,0
13,"Trent Boult","https://www.espncricinfo.com/cricketers/trent-boult-277912","New Zealand",4,0,24,2,6,13,2,1,0
13,"Tim Southee","https://www.espncricinfo.com/cricketers/tim-southee-232364","New Zealand",2,0,6,3,3,10,1,0,0
13,"Mitchell Santner","https://www.espncricinfo.com/cricketers/mitchell-santner-502714","New Zealand",4,0,31,3,8,10,2,2,0
13,"Lockie Ferguson","https://www.espncricinfo.com/cricketers/lockie-ferguson-493773","New Zealand",3,0,20,1,7,9,2,1,0
13,"Ish Sodhi","https://www.espncricinfo.com/cricketers/ish-sodhi-559066","New Zealand",4,0,29,1,7,8,2,1,0
14,"Ben Stokes","https://www.espncricinfo.com/cricketers/ben-stokes-311158",England,4,0,19,2,5,14,2,0,0
14,"Chris Woakes","https://www.espncricinfo.com/cricketers/chris-woakes-247235",England,4,0,24,1,6,15,2,1,0
14,"Mark Wood","https://www.espncricinfo.com/cricketers/mark-wood-351588",England,4,0,23,2,6,14,2,1,0
14,"Sam Curran","https://www.espncricinfo.com/cricketers/sam-curran-662973",England,3,0,10,5,3,16,1,0,0
14,"Adil Rashid","https://www.espncricinfo.com/cricketers/adil-rashid-244497",England,4,0,32,0,8,4,1,1,0
14,"Fazalhaq Farooqi","https://www.espncricinfo.com/cricketers/fazalhaq-farooqi-974175",Afghanistan,4,0,24,1,6,15,2,1,0
14,"Azmatullah Omarzai","https://www.espncricinfo.com/cricketers/azmatullah-omarzai-819429",Afghanistan,1,0,11,0,9,2,1,0,0
14,"Mujeeb Ur Rahman","https://www.espncricinfo.com/cricketers/mujeeb-ur-rahman-974109",Afghanistan,4,0,22,1,6,10,1,0,0
14,"Rashid Khan","https://www.espncricinfo.com/cricketers/rashid-khan-793463",Afghanistan,4,0,17,1,4,10,0,0,0
14,"Fareed Ahmad","https://www.espncricinfo.com/cricketers/fareed-ahmad-568136",Afghanistan,2,0,23,1,12,2,2,0,0
14,"Mohammad Nabi","https://www.espncricinfo.com/cricketers/mohammad-nabi-25913",Afghanistan,3,0,16,1,5,6,0,0,0
15,"Binura Fernando","https://www.espncricinfo.com/cricketers/binura-fernando-629080","Sri Lanka",4,0,27,1,7,10,3,0,0
15,"Lahiru Kumara","https://www.espncricinfo.com/cricketers/lahiru-kumara-784375","Sri Lanka",2,0,12,1,6,6,2,0,0
15,"Maheesh Theekshana","https://www.espncricinfo.com/cricketers/maheesh-theekshana-1138316","Sri Lanka",4,0,19,2,5,8,1,0,0
15,"Chamika Karunaratne","https://www.espncricinfo.com/cricketers/chamika-karunaratne-623695","Sri Lanka",4,0,29,1,7,7,2,1,0
15,"Wanindu Hasaranga","https://www.espncricinfo.com/cricketers/wanindu-hasaranga-784379","Sri Lanka",4,0,25,2,6,6,0,1,0
15,"Dhananjaya de Silva","https://www.espncricinfo.com/cricketers/dhananjaya-de-silva-465793","Sri Lanka",2,0,13,1,7,3,1,0,0
15,"Josh Little","https://www.espncricinfo.com/cricketers/josh-little-928067",Ireland,4,0,45,0,11,5,4,1,0
15,"Mark Adair","https://www.espncricinfo.com/cricketers/mark-adair-526441",Ireland,2,0,16,0,8,2,1,0,0
15,"Barry McCarthy","https://www.espncricinfo.com/cricketers/barry-mccarthy-348059",Ireland,2,0,16,0,8,4,0,1,0
15,"Gareth Delany","https://www.espncricinfo.com/cricketers/gareth-delany-1099379",Ireland,4,0,28,1,7,8,3,0,0
15,"Curtis Campher","https://www.espncricinfo.com/cricketers/curtis-campher-595921",Ireland,1,0,8,0,8,2,1,0,0
15,"Simi Singh","https://www.espncricinfo.com/cricketers/simi-singh-1005257",Ireland,2,0,20,0,10,3,0,2,0
16,"Bhuvneshwar Kumar","https://www.espncricinfo.com/cricketers/bhuvneshwar-kumar-326016",India,4,0,22,1,6,17,1,1,0
16,"Arshdeep Singh","https://www.espncricinfo.com/cricketers/arshdeep-singh-1125976",India,4,0,32,3,8,10,3,1,0
16,"Mohammed Shami","https://www.espncricinfo.com/cricketers/mohammed-shami-481896",India,4,0,25,1,6,14,4,0,0
16,"Hardik Pandya","https://www.espncricinfo.com/cricketers/hardik-pandya-625371",India,4,0,30,3,8,10,4,0,0
16,"Ravichandran Ashwin","https://www.espncricinfo.com/cricketers/ravichandran-ashwin-26421",India,3,0,23,0,8,5,0,1,0
16,"Axar Patel","https://www.espncricinfo.com/cricketers/axar-patel-554691",India,1,0,21,0,21,2,0,3,0
16,"Shaheen Shah Afridi","https://www.espncricinfo.com/cricketers/shaheen-shah-afridi-1072470",Pakistan,4,0,34,0,9,7,4,0,0
16,"Naseem Shah","https://www.espncricinfo.com/cricketers/naseem-shah-1158088",Pakistan,4,0,23,1,6,10,1,0,0
16,"Haris Rauf","https://www.espncricinfo.com/cricketers/haris-rauf-1161606",Pakistan,4,0,36,2,9,11,2,2,0
16,"Shadab Khan","https://www.espncricinfo.com/cricketers/shadab-khan-922943",Pakistan,4,0,21,0,5,10,2,0,0
16,"Mohammad Nawaz","https://www.espncricinfo.com/cricketers/mohammad-nawaz-348148",Pakistan,4,0,42,2,11,8,0,4,1
17,"Fred Klaassen","https://www.espncricinfo.com/cricketers/fred-klaassen-1104703",Netherlands,4,0,33,1,8,10,5,0,0
17,"Colin Ackermann","https://www.espncricinfo.com/cricketers/colin-ackermann-379774",Netherlands,1,0,4,0,4,2,0,0,0
17,"Paul van Meekeren","https://www.espncricinfo.com/cricketers/paul-van-meekeren-348109",Netherlands,4,0,21,2,5,10,1,0,0
17,"Bas de Leede","https://www.espncricinfo.com/cricketers/bas-de-leede-1036191",Netherlands,3,0,29,2,10,9,3,1,0
17,"Tim Pringle","https://www.espncricinfo.com/cricketers/tim-pringle-1193548",Netherlands,2,0,10,1,5,4,0,0,0
17,"Shariz Ahmad","https://www.espncricinfo.com/cricketers/shariz-ahmad-1278252",Netherlands,3,0,27,1,9,5,1,2,0
17,"Logan van Beek","https://www.espncricinfo.com/cricketers/logan-van-beek-440522",Netherlands,3,0,12,1,4,7,0,0,0
17,"Taskin Ahmed","https://www.espncricinfo.com/cricketers/taskin-ahmed-538506",Bangladesh,4,0,25,4,6,16,5,0,0
17,"Hasan Mahmud","https://www.espncricinfo.com/cricketers/hasan-mahmud-926629",Bangladesh,4,1,15,2,4,16,2,0,0
17,"Shakib Al Hasan","https://www.espncricinfo.com/cricketers/shakib-al-hasan-56143",Bangladesh,4,0,32,1,8,6,0,2,0
17,"Mustafizur Rahman","https://www.espncricinfo.com/cricketers/mustafizur-rahman-330902",Bangladesh,4,0,20,0,5,14,2,0,0
17,"Soumya Sarkar","https://www.espncricinfo.com/cricketers/soumya-sarkar-436677",Bangladesh,3,0,29,1,10,5,2,1,0
17,"Mosaddek Hossain","https://www.espncricinfo.com/cricketers/mosaddek-hossain-550133",Bangladesh,1,0,14,0,14,0,0,1,1
18,"Kagiso Rabada","https://www.espncricinfo.com/cricketers/kagiso-rabada-550215","South Africa",2,0,20,0,10,4,2,1,0
18,"Wayne Parnell","https://www.espncricinfo.com/cricketers/wayne-parnell-265564","South Africa",2,0,6,1,3,9,1,0,0
18,"Lungi Ngidi","https://www.espncricinfo.com/cricketers/lungi-ngidi-542023","South Africa",2,0,20,2,10,6,2,1,0
18,"Keshav Maharaj","https://www.espncricinfo.com/cricketers/keshav-maharaj-267724","South Africa",1,0,10,0,10,1,1,0,0
18,"Anrich Nortje","https://www.espncricinfo.com/cricketers/anrich-nortje-481979","South Africa",2,0,10,1,5,5,0,0,0
18,"Tendai Chatara","https://www.espncricinfo.com/cricketers/tendai-chatara-425639",Zimbabwe,1,0,23,0,23,0,4,1,0
18,"Richard Ngarava","https://www.espncricinfo.com/cricketers/richard-ngarava-806241",Zimbabwe,1,0,17,0,17,2,4,0,1
18,"Sikandar Raza","https://www.espncricinfo.com/cricketers/sikandar-raza-299572",Zimbabwe,1,0,11,0,11,1,0,0,1
19,"Josh Hazlewood","https://www.espncricinfo.com/cricketers/josh-hazlewood-288284",Australia,4,0,26,1,7,13,3,0,0
19,"Pat Cummins","https://www.espncricinfo.com/cricketers/pat-cummins-489889",Australia,4,0,36,1,9,12,5,1,0
19,"Mitchell Starc","https://www.espncricinfo.com/cricketers/mitchell-starc-311592",Australia,4,0,23,1,6,13,1,0,0
19,"Ashton Agar","https://www.espncricinfo.com/cricketers/ashton-agar-505120",Australia,4,0,25,1,6,8,1,0,0
19,"Marcus Stoinis","https://www.espncricinfo.com/cricketers/marcus-stoinis-325012",Australia,2,0,17,0,9,1,1,0,0
19,"Mitchell Marsh","https://www.espncricinfo.com/cricketers/mitchell-marsh-272450",Australia,1,0,14,0,14,1,1,1,0
19,"Glenn Maxwell","https://www.espncricinfo.com/cricketers/glenn-maxwell-325026",Australia,1,0,5,1,5,2,0,0,0
19,"Binura Fernando","https://www.espncricinfo.com/cricketers/binura-fernando-629080","Sri Lanka",1,0,5,0,6,2,0,0,0
19,"Dhananjaya de Silva","https://www.espncricinfo.com/cricketers/dhananjaya-de-silva-465793","Sri Lanka",2,0,18,1,8,4,1,1,0
19,"Lahiru Kumara","https://www.espncricinfo.com/cricketers/lahiru-kumara-784375","Sri Lanka",3,0,22,0,6,15,0,1,0
19,"Chamika Karunaratne","https://www.espncricinfo.com/cricketers/chamika-karunaratne-623695","Sri Lanka",3,0,20,1,7,6,1,0,0
19,"Maheesh Theekshana","https://www.espncricinfo.com/cricketers/maheesh-theekshana-1138316","Sri Lanka",3,0,23,1,8,11,0,3,0
19,"Wanindu Hasaranga","https://www.espncricinfo.com/cricketers/wanindu-hasaranga-784379","Sri Lanka",3,0,53,0,18,0,3,5,0
19,"Dasun Shanaka","https://www.espncricinfo.com/cricketers/dasun-shanaka-437316","Sri Lanka",1,0,10,0,10,2,2,0,0
20,"Ben Stokes","https://www.espncricinfo.com/cricketers/ben-stokes-311158",England,2,0,8,1,3,7,0,0,0
20,"Chris Woakes","https://www.espncricinfo.com/cricketers/chris-woakes-247235",England,3,0,41,0,14,4,6,1,0
20,"Mark Wood","https://www.espncricinfo.com/cricketers/mark-wood-351588",England,4,0,34,3,9,13,4,1,0
20,"Sam Curran","https://www.espncricinfo.com/cricketers/sam-curran-662973",England,3,0,31,2,10,7,1,2,0
20,"Adil Rashid","https://www.espncricinfo.com/cricketers/adil-rashid-244497",England,4,0,24,0,6,6,1,0,0
20,"Liam Livingstone","https://www.espncricinfo.com/cricketers/liam-livingstone-403902",England,3,0,17,3,6,5,1,0,0
20,"Josh Little","https://www.espncricinfo.com/cricketers/josh-little-928067",Ireland,3,0,16,2,5,11,2,0,0
20,"Mark Adair","https://www.espncricinfo.com/cricketers/mark-adair-526441",Ireland,2,0,10,0,5,5,0,0,0
20,"Barry McCarthy","https://www.espncricinfo.com/cricketers/barry-mccarthy-348059",Ireland,3,0,20,1,7,7,1,0,0
20,"Fionn Hand","https://www.espncricinfo.com/cricketers/fionn-hand-1099225",Ireland,2,0,17,1,9,6,1,0,0
20,"Gareth Delany","https://www.espncricinfo.com/cricketers/gareth-delany-1099379",Ireland,3,0,33,0,9,5,3,1,0
20,"George Dockrell","https://www.espncricinfo.com/cricketers/george-dockrell-348034",Ireland,1,0,5,1,5,2,0,0,0
22,"Taskin Ahmed","https://www.espncricinfo.com/cricketers/taskin-ahmed-538506",Bangladesh,3,0,46,1,15,7,6,2,3
22,"Mehidy Hasan Miraz","https://www.espncricinfo.com/cricketers/mehidy-hasan-miraz-629063",Bangladesh,3,0,32,0,11,4,2,2,0
22,"Hasan Mahmud","https://www.espncricinfo.com/cricketers/hasan-mahmud-926629",Bangladesh,4,0,36,1,9,11,3,2,0
22,"Mustafizur Rahman","https://www.espncricinfo.com/cricketers/mustafizur-rahman-330902",Bangladesh,4,0,25,0,6,7,1,1,0
22,"Mosaddek Hossain","https://www.espncricinfo.com/cricketers/mosaddek-hossain-550133",Bangladesh,2,0,16,0,8,5,1,1,0
22,"Shakib Al Hasan","https://www.espncricinfo.com/cricketers/shakib-al-hasan-56143",Bangladesh,3,0,33,2,11,7,1,3,1
22,"Afif Hossain","https://www.espncricinfo.com/cricketers/afif-hossain-935995",Bangladesh,1,0,11,1,11,1,2,0,0
22,"Kagiso Rabada","https://www.espncricinfo.com/cricketers/kagiso-rabada-550215","South Africa",3,0,24,1,8,8,1,2,0
22,"Wayne Parnell","https://www.espncricinfo.com/cricketers/wayne-parnell-265564","South Africa",2,0,18,0,9,3,0,1,0
22,"Anrich Nortje","https://www.espncricinfo.com/cricketers/anrich-nortje-481979","South Africa",3,0,10,4,3,16,1,0,0
22,"Keshav Maharaj","https://www.espncricinfo.com/cricketers/keshav-maharaj-267724","South Africa",4,0,24,1,6,6,1,0,0
22,"Tabraiz Shamsi","https://www.espncricinfo.com/cricketers/tabraiz-shamsi-379145","South Africa",4,0,20,3,5,12,0,1,0
23,"Fred Klaassen","https://www.espncricinfo.com/cricketers/fred-klaassen-1104703",Netherlands,4,0,33,1,8,9,2,1,0
23,"Tim Pringle","https://www.espncricinfo.com/cricketers/tim-pringle-1193548",Netherlands,4,0,30,0,8,6,3,0,0
23,"Paul van Meekeren","https://www.espncricinfo.com/cricketers/paul-van-meekeren-348109",Netherlands,4,0,32,1,8,9,3,1,0
23,"Bas de Leede","https://www.espncricinfo.com/cricketers/bas-de-leede-1036191",Netherlands,3,0,33,0,11,6,5,1,0
23,"Logan van Beek","https://www.espncricinfo.com/cricketers/logan-van-beek-440522",Netherlands,4,0,45,0,11,3,2,3,0
23,"Shariz Ahmad","https://www.espncricinfo.com/cricketers/shariz-ahmad-1278252",Netherlands,1,0,5,0,5,2,0,0,0
23,"Bhuvneshwar Kumar","https://www.espncricinfo.com/cricketers/bhuvneshwar-kumar-326016",India,3,2,9,2,3,14,1,0,0
23,"Arshdeep Singh","https://www.espncricinfo.com/cricketers/arshdeep-singh-1125976",India,4,0,37,2,9,9,6,0,1
23,"Mohammed Shami","https://www.espncricinfo.com/cricketers/mohammed-shami-481896",India,4,0,27,1,7,10,2,0,0
23,"Axar Patel","https://www.espncricinfo.com/cricketers/axar-patel-554691",India,4,0,18,2,5,11,0,0,0
23,"Hardik Pandya","https://www.espncricinfo.com/cricketers/hardik-pandya-625371",India,1,0,9,0,9,1,0,0,0
23,"Ravichandran Ashwin","https://www.espncricinfo.com/cricketers/ravichandran-ashwin-26421",India,4,0,21,2,5,13,1,1,0
24,"Shaheen Shah Afridi","https://www.espncricinfo.com/cricketers/shaheen-shah-afridi-1072470",Pakistan,4,0,29,0,7,9,3,0,0
24,"Naseem Shah","https://www.espncricinfo.com/cricketers/naseem-shah-1158088",Pakistan,4,0,34,0,9,7,4,0,0
24,"Mohammad Wasim","https://www.espncricinfo.com/cricketers/mohammad-wasim-1185538",Pakistan,4,0,24,4,6,16,2,1,0
24,"Haris Rauf","https://www.espncricinfo.com/cricketers/haris-rauf-1161606",Pakistan,4,1,12,1,3,15,0,0,0
24,"Shadab Khan","https://www.espncricinfo.com/cricketers/shadab-khan-922943",Pakistan,4,0,23,3,6,8,1,0,0
24,"Richard Ngarava","https://www.espncricinfo.com/cricketers/richard-ngarava-806241",Zimbabwe,4,0,24,0,6,15,2,1,0
24,"Blessing Muzarabani","https://www.espncricinfo.com/cricketers/blessing-muzarabani-827051",Zimbabwe,4,0,18,1,5,11,1,0,0
24,"Brad Evans","https://www.espncricinfo.com/cricketers/brad-evans-696127",Zimbabwe,4,0,25,2,6,12,2,1,0
24,"Sikandar Raza","https://www.espncricinfo.com/cricketers/sikandar-raza-299572",Zimbabwe,4,0,25,3,6,13,2,1,0
24,"Luke Jongwe","https://www.espncricinfo.com/cricketers/luke-jongwe-541224",Zimbabwe,1,0,10,1,10,2,2,0,0
24,"Sean Williams","https://www.espncricinfo.com/cricketers/sean-williams-55870",Zimbabwe,2,0,15,0,8,1,0,0,0
24,"Ryan Burl","https://www.espncricinfo.com/cricketers/ryan-burl-495964",Zimbabwe,1,0,7,0,7,0,0,0,0
27,"Maheesh Theekshana","https://www.espncricinfo.com/cricketers/maheesh-theekshana-1138316","Sri Lanka",4,0,35,1,9,7,2,2,0
27,"Kasun Rajitha","https://www.espncricinfo.com/cricketers/kasun-rajitha-499594","Sri Lanka",4,0,23,2,6,16,3,0,2
27,"Dhananjaya de Silva","https://www.espncricinfo.com/cricketers/dhananjaya-de-silva-465793","Sri Lanka",2,0,14,1,7,4,1,0,0
27,"Wanindu Hasaranga","https://www.espncricinfo.com/cricketers/wanindu-hasaranga-784379","Sri Lanka",4,0,22,1,6,9,1,0,0
27,"Lahiru Kumara","https://www.espncricinfo.com/cricketers/lahiru-kumara-784375","Sri Lanka",3,0,37,1,12,2,2,2,1
27,"Chamika Karunaratne","https://www.espncricinfo.com/cricketers/chamika-karunaratne-623695","Sri Lanka",3,0,34,0,11,5,3,1,0
27,"Tim Southee","https://www.espncricinfo.com/cricketers/tim-southee-232364","New Zealand",4,1,12,1,3,18,0,1,0
27,"Trent Boult","https://www.espncricinfo.com/cricketers/trent-boult-277912","New Zealand",4,0,13,4,3,18,1,0,0
27,"Lockie Ferguson","https://www.espncricinfo.com/cricketers/lockie-ferguson-493773","New Zealand",4,0,35,1,9,11,4,1,0
27,"Mitchell Santner","https://www.espncricinfo.com/cricketers/mitchell-santner-502714","New Zealand",4,0,21,2,5,13,3,0,0
27,"Ish Sodhi","https://www.espncricinfo.com/cricketers/ish-sodhi-559066","New Zealand",3,0,21,2,6,11,2,1,0
28,"Richard Ngarava","https://www.espncricinfo.com/cricketers/richard-ngarava-806241",Zimbabwe,4,0,24,2,6,11,2,0,0
28,"Blessing Muzarabani","https://www.espncricinfo.com/cricketers/blessing-muzarabani-827051",Zimbabwe,2,0,13,2,7,8,3,0,0
28,"Tendai Chatara","https://www.espncricinfo.com/cricketers/tendai-chatara-425639",Zimbabwe,3,0,18,0,6,7,1,0,0
28,"Sikandar Raza","https://www.espncricinfo.com/cricketers/sikandar-raza-299572",Zimbabwe,4,0,35,1,9,2,2,1,0
28,"Brad Evans","https://www.espncricinfo.com/cricketers/brad-evans-696127",Zimbabwe,3,0,32,0,11,2,3,1,0
28,"Wessly Madhevere","https://www.espncricinfo.com/cricketers/wessly-madhevere-938959",Zimbabwe,2,0,18,0,9,0,1,0,0
28,"Sean Williams","https://www.espncricinfo.com/cricketers/sean-williams-55870",Zimbabwe,2,0,10,1,5,4,0,0,0
28,"Taskin Ahmed","https://www.espncricinfo.com/cricketers/taskin-ahmed-538506",Bangladesh,4,1,19,3,5,15,3,0,0
28,"Hasan Mahmud","https://www.espncricinfo.com/cricketers/hasan-mahmud-926629",Bangladesh,4,0,36,0,9,8,5,0,0
28,"Mosaddek Hossain","https://www.espncricinfo.com/cricketers/mosaddek-hossain-550133",Bangladesh,4,0,34,2,9,11,3,2,1
28,"Mustafizur Rahman","https://www.espncricinfo.com/cricketers/mustafizur-rahman-330902",Bangladesh,4,0,15,2,4,11,0,0,0
28,"Shakib Al Hasan","https://www.espncricinfo.com/cricketers/shakib-al-hasan-56143",Bangladesh,4,0,34,0,9,5,3,0,0
29,"Shaheen Shah Afridi","https://www.espncricinfo.com/cricketers/shaheen-shah-afridi-1072470",Pakistan,4,0,19,1,5,13,1,0,0
29,"Naseem Shah","https://www.espncricinfo.com/cricketers/naseem-shah-1158088",Pakistan,4,0,11,1,3,15,0,0,0
29,"Mohammad Wasim","https://www.espncricinfo.com/cricketers/mohammad-wasim-1185538",Pakistan,3,0,15,2,5,10,1,0,0
29,"Haris Rauf","https://www.espncricinfo.com/cricketers/haris-rauf-1161606",Pakistan,3,0,10,1,3,11,1,0,0
29,"Shadab Khan","https://www.espncricinfo.com/cricketers/shadab-khan-922943",Pakistan,4,0,22,3,6,11,2,0,0
29,"Mohammad Nawaz","https://www.espncricinfo.com/cricketers/mohammad-nawaz-348148",Pakistan,2,0,11,0,6,3,0,0,0
29,"Fred Klaassen","https://www.espncricinfo.com/cricketers/fred-klaassen-1104703",Netherlands,3,0,26,0,9,4,3,0,0
29,"Paul van Meekeren","https://www.espncricinfo.com/cricketers/paul-van-meekeren-348109",Netherlands,4,0,19,1,5,15,2,0,0
29,"Brandon Glover","https://www.espncricinfo.com/cricketers/brandon-glover-595419",Netherlands,3,0,22,2,8,9,3,0,0
29,"Tim Pringle","https://www.espncricinfo.com/cricketers/tim-pringle-1193548",Netherlands,1,0,12,0,12,1,2,0,0
29,"Logan van Beek","https://www.espncricinfo.com/cricketers/logan-van-beek-440522",Netherlands,2,0,9,0,5,5,0,0,0
29,"Roelof van der Merwe","https://www.espncricinfo.com/cricketers/roelof-van-der-merwe-47850",Netherlands,1,0,7,0,7,1,0,0,0
30,"Wayne Parnell","https://www.espncricinfo.com/cricketers/wayne-parnell-265564","South Africa",4,1,15,3,4,16,0,1,0
30,"Kagiso Rabada","https://www.espncricinfo.com/cricketers/kagiso-rabada-550215","South Africa",4,0,26,0,7,13,2,1,0
30,"Lungi Ngidi","https://www.espncricinfo.com/cricketers/lungi-ngidi-542023","South Africa",4,0,29,4,7,10,3,1,0
30,"Anrich Nortje","https://www.espncricinfo.com/cricketers/anrich-nortje-481979","South Africa",4,0,23,1,6,12,1,1,0
30,"Keshav Maharaj","https://www.espncricinfo.com/cricketers/keshav-maharaj-267724","South Africa",3,0,28,0,9,5,3,1,0
30,"Aiden Markram","https://www.espncricinfo.com/cricketers/aiden-markram-600498","South Africa",1,0,5,0,5,1,0,0,0
30,"Bhuvneshwar Kumar","https://www.espncricinfo.com/cricketers/bhuvneshwar-kumar-326016",India,3,0,21,0,6,13,2,1,0
30,"Arshdeep Singh","https://www.espncricinfo.com/cricketers/arshdeep-singh-1125976",India,4,0,25,2,6,13,4,0,0
30,"Mohammed Shami","https://www.espncricinfo.com/cricketers/mohammed-shami-481896",India,4,0,13,1,3,15,1,0,0
30,"Hardik Pandya","https://www.espncricinfo.com/cricketers/hardik-pandya-625371",India,4,0,29,1,7,8,3,0,0
30,"Ravichandran Ashwin","https://www.espncricinfo.com/cricketers/ravichandran-ashwin-26421",India,4,0,43,1,11,5,1,4,0
31,"Josh Little","https://www.espncricinfo.com/cricketers/josh-little-928067",Ireland,4,0,21,2,5,13,2,0,0
31,"Mark Adair","https://www.espncricinfo.com/cricketers/mark-adair-526441",Ireland,4,0,59,0,15,6,7,2,0
31,"Barry McCarthy","https://www.espncricinfo.com/cricketers/barry-mccarthy-348059",Ireland,4,0,29,3,7,7,2,0,0
31,"Gareth Delany","https://www.espncricinfo.com/cricketers/gareth-delany-1099379",Ireland,3,0,29,0,10,10,2,2,0
31,"Fionn Hand","https://www.espncricinfo.com/cricketers/fionn-hand-1099225",Ireland,1,0,15,0,15,2,0,2,0
31,"George Dockrell","https://www.espncricinfo.com/cricketers/george-dockrell-348034",Ireland,4,0,24,0,6,8,0,1,0
31,"Josh Hazlewood","https://www.espncricinfo.com/cricketers/josh-hazlewood-288284",Australia,3,0,24,0,8,8,1,2,0
31,"Pat Cummins","https://www.espncricinfo.com/cricketers/pat-cummins-489889",Australia,4,0,28,2,7,14,3,1,0
31,"Glenn Maxwell","https://www.espncricinfo.com/cricketers/glenn-maxwell-325026",Australia,2,0,14,2,6,6,2,0,0
31,"Mitchell Starc","https://www.espncricinfo.com/cricketers/mitchell-starc-311592",Australia,4,1,43,2,11,11,8,0,1
31,"Adam Zampa","https://www.espncricinfo.com/cricketers/adam-zampa-379504",Australia,4,0,19,2,5,9,1,0,0
31,"Marcus Stoinis","https://www.espncricinfo.com/cricketers/marcus-stoinis-325012",Australia,1,0,6,1,6,2,0,0,0
32,"Kasun Rajitha","https://www.espncricinfo.com/cricketers/kasun-rajitha-499594","Sri Lanka",4,0,31,1,8,11,2,1,1
32,"Pramod Madushan","https://www.espncricinfo.com/cricketers/pramod-madushan-826689","Sri Lanka",3,0,24,0,8,7,2,1,0
32,"Lahiru Kumara","https://www.espncricinfo.com/cricketers/lahiru-kumara-784375","Sri Lanka",4,0,30,2,8,12,2,1,0
32,"Maheesh Theekshana","https://www.espncricinfo.com/cricketers/maheesh-theekshana-1138316","Sri Lanka",4,0,33,0,8,5,1,1,0
32,"Wanindu Hasaranga","https://www.espncricinfo.com/cricketers/wanindu-hasaranga-784379","Sri Lanka",4,0,13,3,3,12,0,0,0
32,"Dhananjaya de Silva","https://www.espncricinfo.com/cricketers/dhananjaya-de-silva-465793","Sri Lanka",1,0,9,1,9,1,1,0,0
32,"Fazalhaq Farooqi","https://www.espncricinfo.com/cricketers/fazalhaq-farooqi-974175",Afghanistan,3,1,22,0,6,11,3,0,0
32,"Mujeeb Ur Rahman","https://www.espncricinfo.com/cricketers/mujeeb-ur-rahman-974109",Afghanistan,4,0,24,2,6,12,3,0,0
32,"Fareed Ahmad","https://www.espncricinfo.com/cricketers/fareed-ahmad-568136",Afghanistan,2,0,25,0,13,3,3,1,0
32,"Rashid Khan","https://www.espncricinfo.com/cricketers/rashid-khan-793463",Afghanistan,4,0,31,2,8,10,2,1,0
32,"Azmatullah Omarzai","https://www.espncricinfo.com/cricketers/azmatullah-omarzai-819429",Afghanistan,2,0,17,0,9,2,1,0,0
32,"Mohammad Nabi","https://www.espncricinfo.com/cricketers/mohammad-nabi-25913",Afghanistan,2,0,16,0,8,2,0,1,0
32,"Gulbadin Naib","https://www.espncricinfo.com/cricketers/gulbadin-naib-352048",Afghanistan,1,0,12,0,12,1,2,0,0
33,"Trent Boult","https://www.espncricinfo.com/cricketers/trent-boult-277912","New Zealand",4,0,40,0,10,8,4,1,0
33,"Tim Southee","https://www.espncricinfo.com/cricketers/tim-southee-232364","New Zealand",4,0,43,1,11,9,3,3,0
33,"Mitchell Santner","https://www.espncricinfo.com/cricketers/mitchell-santner-502714","New Zealand",4,0,25,1,6,8,2,0,0
33,"Lockie Ferguson","https://www.espncricinfo.com/cricketers/lockie-ferguson-493773","New Zealand",4,0,45,2,11,6,4,2,1
33,"Ish Sodhi","https://www.espncricinfo.com/cricketers/ish-sodhi-559066","New Zealand",4,0,23,1,6,10,2,0,0
33,"Moeen Ali","https://www.espncricinfo.com/cricketers/moeen-ali-8917",England,1,0,4,0,4,3,0,0,0
33,"Chris Woakes","https://www.espncricinfo.com/cricketers/chris-woakes-247235",England,4,0,33,2,8,9,1,2,0
33,"Adil Rashid","https://www.espncricinfo.com/cricketers/adil-rashid-244497",England,4,0,33,0,8,6,0,2,0
33,"Sam Curran","https://www.espncricinfo.com/cricketers/sam-curran-662973",England,4,0,26,2,7,9,0,0,0
33,"Mark Wood","https://www.espncricinfo.com/cricketers/mark-wood-351588",England,3,0,25,1,8,8,2,1,0
33,"Liam Livingstone","https://www.espncricinfo.com/cricketers/liam-livingstone-403902",England,3,0,26,0,9,4,3,0,0
33,"Ben Stokes","https://www.espncricinfo.com/cricketers/ben-stokes-311158",England,1,0,10,1,10,2,2,0,0
34,"Fred Klaassen","https://www.espncricinfo.com/cricketers/fred-klaassen-1104703",Netherlands,4,0,17,1,4,17,0,1,0
34,"Paul van Meekeren","https://www.espncricinfo.com/cricketers/paul-van-meekeren-348109",Netherlands,4,0,29,3,7,13,3,0,0
34,"Brandon Glover","https://www.espncricinfo.com/cricketers/brandon-glover-595419",Netherlands,4,1,29,2,7,15,2,2,0
34,"Logan van Beek","https://www.espncricinfo.com/cricketers/logan-van-beek-440522",Netherlands,2,0,17,2,7,8,1,1,0
34,"Bas de Leede","https://www.espncricinfo.com/cricketers/bas-de-leede-1036191",Netherlands,4,0,14,2,4,11,0,0,0
34,"Roelof van der Merwe","https://www.espncricinfo.com/cricketers/roelof-van-der-merwe-47850",Netherlands,1,0,8,0,8,2,1,0,0
34,"Tendai Chatara","https://www.espncricinfo.com/cricketers/tendai-chatara-425639",Zimbabwe,4,0,22,0,6,14,4,0,0
34,"Richard Ngarava","https://www.espncricinfo.com/cricketers/richard-ngarava-806241",Zimbabwe,4,0,18,2,5,15,1,1,0
34,"Blessing Muzarabani","https://www.espncricinfo.com/cricketers/blessing-muzarabani-827051",Zimbabwe,4,0,23,2,6,14,2,1,0
34,"Sean Williams","https://www.espncricinfo.com/cricketers/sean-williams-55870",Zimbabwe,3,0,21,0,7,8,2,1,0
34,"Sikandar Raza","https://www.espncricinfo.com/cricketers/sikandar-raza-299572",Zimbabwe,1,0,6,0,6,0,0,0,0
34,"Luke Jongwe","https://www.espncricinfo.com/cricketers/luke-jongwe-541224",Zimbabwe,2,0,25,1,13,3,4,0,1
35,"Taskin Ahmed","https://www.espncricinfo.com/cricketers/taskin-ahmed-538506",Bangladesh,4,0,15,0,4,16,2,0,0
35,"Shoriful Islam","https://www.espncricinfo.com/cricketers/shoriful-islam-990039",Bangladesh,4,0,57,0,14,7,4,4,2
35,"Hasan Mahmud","https://www.espncricinfo.com/cricketers/hasan-mahmud-926629",Bangladesh,4,0,47,3,12,7,6,2,1
35,"Mustafizur Rahman","https://www.espncricinfo.com/cricketers/mustafizur-rahman-330902",Bangladesh,4,0,31,0,8,9,4,0,0
35,"Shakib Al Hasan","https://www.espncricinfo.com/cricketers/shakib-al-hasan-56143",Bangladesh,4,0,33,2,8,3,2,0,0
35,"Bhuvneshwar Kumar","https://www.espncricinfo.com/cricketers/bhuvneshwar-kumar-326016",India,3,0,27,0,9,7,2,2,0
35,"Arshdeep Singh","https://www.espncricinfo.com/cricketers/arshdeep-singh-1125976",India,4,0,38,2,10,10,5,1,0
35,"Mohammed Shami","https://www.espncricinfo.com/cricketers/mohammed-shami-481896",India,3,0,25,1,8,7,2,1,0
35,"Axar Patel","https://www.espncricinfo.com/cricketers/axar-patel-554691",India,1,0,6,0,6,2,0,0,0
35,"Ravichandran Ashwin","https://www.espncricinfo.com/cricketers/ravichandran-ashwin-26421",India,2,0,19,0,10,4,3,0,0
35,"Hardik Pandya","https://www.espncricinfo.com/cricketers/hardik-pandya-625371",India,3,0,28,2,9,8,1,3,0
36,"Wayne Parnell","https://www.espncricinfo.com/cricketers/wayne-parnell-265564","South Africa",4,0,31,1,8,10,3,1,0
36,"Kagiso Rabada","https://www.espncricinfo.com/cricketers/kagiso-rabada-550215","South Africa",4,0,44,1,11,7,4,2,0
36,"Lungi Ngidi","https://www.espncricinfo.com/cricketers/lungi-ngidi-542023","South Africa",4,0,32,1,8,11,3,1,0
36,"Anrich Nortje","https://www.espncricinfo.com/cricketers/anrich-nortje-481979","South Africa",4,0,41,4,10,11,1,4,1
36,"Tabraiz Shamsi","https://www.espncricinfo.com/cricketers/tabraiz-shamsi-379145","South Africa",4,0,36,1,9,8,2,2,0
36,"Shaheen Shah Afridi","https://www.espncricinfo.com/cricketers/shaheen-shah-afridi-1072470",Pakistan,3,0,14,3,5,11,2,0,0
36,"Naseem Shah","https://www.espncricinfo.com/cricketers/naseem-shah-1158088",Pakistan,3,0,19,1,6,10,1,1,0
36,"Haris Rauf","https://www.espncricinfo.com/cricketers/haris-rauf-1161606",Pakistan,3,0,44,1,15,2,7,1,0
36,"Mohammad Wasim","https://www.espncricinfo.com/cricketers/mohammad-wasim-1185538",Pakistan,2,0,13,1,7,3,1,0,0
36,"Shadab Khan","https://www.espncricinfo.com/cricketers/shadab-khan-922943",Pakistan,2,0,16,2,8,5,1,1,0
36,"Mohammad Nawaz","https://www.espncricinfo.com/cricketers/mohammad-nawaz-348148",Pakistan,1,0,2,0,2,4,0,0,0
37,"Josh Little","https://www.espncricinfo.com/cricketers/josh-little-928067",Ireland,4,0,22,3,6,10,2,0,0
37,"Mark Adair","https://www.espncricinfo.com/cricketers/mark-adair-526441",Ireland,4,0,39,1,10,9,3,1,0
37,"Barry McCarthy","https://www.espncricinfo.com/cricketers/barry-mccarthy-348059",Ireland,4,0,46,0,12,4,4,2,0
37,"Gareth Delany","https://www.espncricinfo.com/cricketers/gareth-delany-1099379",Ireland,4,0,30,2,8,11,3,1,0
37,"Fionn Hand","https://www.espncricinfo.com/cricketers/fionn-hand-1099225",Ireland,2,0,22,0,11,2,2,1,0
37,"George Dockrell","https://www.espncricinfo.com/cricketers/george-dockrell-348034",Ireland,2,0,18,0,9,4,2,0,0
37,"Trent Boult","https://www.espncricinfo.com/cricketers/trent-boult-277912","New Zealand",4,0,38,0,10,8,4,1,0
37,"Tim Southee","https://www.espncricinfo.com/cricketers/tim-southee-232364","New Zealand",4,0,29,2,7,8,2,1,0
37,"Lockie Ferguson","https://www.espncricinfo.com/cricketers/lockie-ferguson-493773","New Zealand",4,0,22,3,6,10,1,0,0
37,"Mitchell Santner","https://www.espncricinfo.com/cricketers/mitchell-santner-502714","New Zealand",4,0,26,2,7,12,3,1,0
37,"Ish Sodhi","https://www.espncricinfo.com/cricketers/ish-sodhi-559066","New Zealand",4,0,31,2,8,10,0,2,0
38,"Fazalhaq Farooqi","https://www.espncricinfo.com/cricketers/fazalhaq-farooqi-974175",Afghanistan,4,0,29,2,7,13,4,1,0
38,"Mujeeb Ur Rahman","https://www.espncricinfo.com/cricketers/mujeeb-ur-rahman-974109",Afghanistan,4,0,42,1,11,5,4,1,0
38,Naveen-ul-Haq,"https://www.espncricinfo.com/cricketers/naveen-ul-haq-793447",Afghanistan,4,0,21,3,5,11,2,0,0
38,"Gulbadin Naib","https://www.espncricinfo.com/cricketers/gulbadin-naib-352048",Afghanistan,3,0,31,0,10,6,3,2,0
38,"Rashid Khan","https://www.espncricinfo.com/cricketers/rashid-khan-793463",Afghanistan,4,0,29,1,7,9,2,1,0
38,"Mohammad Nabi","https://www.espncricinfo.com/cricketers/mohammad-nabi-25913",Afghanistan,1,0,14,0,14,1,1,1,0
38,"Josh Hazlewood","https://www.espncricinfo.com/cricketers/josh-hazlewood-288284",Australia,4,0,33,2,8,13,2,3,0
38,"Pat Cummins","https://www.espncricinfo.com/cricketers/pat-cummins-489889",Australia,4,0,22,0,6,12,2,0,0
38,"Marcus Stoinis","https://www.espncricinfo.com/cricketers/marcus-stoinis-325012",Australia,2,0,26,0,13,2,2,1,0
38,"Kane Richardson","https://www.espncricinfo.com/cricketers/kane-richardson-272262",Australia,4,0,48,1,12,4,3,3,0
38,"Adam Zampa","https://www.espncricinfo.com/cricketers/adam-zampa-379504",Australia,4,0,22,2,6,11,1,0,0
38,"Cameron Green","https://www.espncricinfo.com/cricketers/cameron-green-1076713",Australia,2,0,13,0,7,7,1,1,0
39,"Ben Stokes","https://www.espncricinfo.com/cricketers/ben-stokes-311158",England,3,0,24,1,8,8,1,2,0
39,"Chris Woakes","https://www.espncricinfo.com/cricketers/chris-woakes-247235",England,3,0,24,1,8,5,3,0,0
39,"Mark Wood","https://www.espncricinfo.com/cricketers/mark-wood-351588",England,3,0,26,3,9,8,1,2,0
39,"Sam Curran","https://www.espncricinfo.com/cricketers/sam-curran-662973",England,4,0,27,1,7,10,2,1,0
39,"Adil Rashid","https://www.espncricinfo.com/cricketers/adil-rashid-244497",England,4,0,16,1,4,11,0,0,0
39,"Liam Livingstone","https://www.espncricinfo.com/cricketers/liam-livingstone-403902",England,2,0,16,0,8,2,0,1,0
39,"Moeen Ali","https://www.espncricinfo.com/cricketers/moeen-ali-8917",England,1,0,5,0,5,1,0,0,0
39,"Maheesh Theekshana","https://www.espncricinfo.com/cricketers/maheesh-theekshana-1138316","Sri Lanka",4,0,22,0,6,11,1,0,0
39,"Kasun Rajitha","https://www.espncricinfo.com/cricketers/kasun-rajitha-499594","Sri Lanka",3,0,40,0,13,4,5,1,0
39,"Lahiru Kumara","https://www.espncricinfo.com/cricketers/lahiru-kumara-784375","Sri Lanka",3,0,24,2,7,11,3,0,1
39,"Wanindu Hasaranga","https://www.espncricinfo.com/cricketers/wanindu-hasaranga-784379","Sri Lanka",4,0,23,2,6,11,1,1,0
39,"Dhananjaya de Silva","https://www.espncricinfo.com/cricketers/dhananjaya-de-silva-465793","Sri Lanka",4,0,24,2,6,7,1,0,0
39,"Charith Asalanka","https://www.espncricinfo.com/cricketers/charith-asalanka-784367","Sri Lanka",1,0,8,0,8,1,1,0,0
40,"Wayne Parnell","https://www.espncricinfo.com/cricketers/wayne-parnell-265564","South Africa",4,0,32,0,8,10,2,2,0
40,"Kagiso Rabada","https://www.espncricinfo.com/cricketers/kagiso-rabada-550215","South Africa",3,0,37,0,12,6,7,0,0
40,"Lungi Ngidi","https://www.espncricinfo.com/cricketers/lungi-ngidi-542023","South Africa",3,0,35,0,12,3,5,0,0
40,"Anrich Nortje","https://www.espncricinfo.com/cricketers/anrich-nortje-481979","South Africa",4,0,10,1,3,14,0,0,0
40,"Keshav Maharaj","https://www.espncricinfo.com/cricketers/keshav-maharaj-267724","South Africa",4,0,27,2,7,12,1,2,0
40,"Aiden Markram","https://www.espncricinfo.com/cricketers/aiden-markram-600498","South Africa",2,0,16,1,8,3,0,1,0
40,"Fred Klaassen","https://www.espncricinfo.com/cricketers/fred-klaassen-1104703",Netherlands,4,0,20,2,5,15,3,0,0
40,"Paul van Meekeren","https://www.espncricinfo.com/cricketers/paul-van-meekeren-348109",Netherlands,3,0,33,1,11,5,1,2,1
40,"Colin Ackermann","https://www.espncricinfo.com/cricketers/colin-ackermann-379774",Netherlands,3,0,16,0,5,6,1,0,0
40,"Roelof van der Merwe","https://www.espncricinfo.com/cricketers/roelof-van-der-merwe-47850",Netherlands,2,0,19,0,10,2,2,0,0
40,"Brandon Glover","https://www.espncricinfo.com/cricketers/brandon-glover-595419",Netherlands,2,0,9,3,5,5,0,0,0
40,"Logan van Beek","https://www.espncricinfo.com/cricketers/logan-van-beek-440522",Netherlands,3,0,23,0,8,4,1,1,0
40,"Bas de Leede","https://www.espncricinfo.com/cricketers/bas-de-leede-1036191",Netherlands,3,0,25,2,8,4,1,0,2
41,"Shaheen Shah Afridi","https://www.espncricinfo.com/cricketers/shaheen-shah-afridi-1072470",Pakistan,4,0,22,4,6,13,2,1,0
41,"Naseem Shah","https://www.espncricinfo.com/cricketers/naseem-shah-1158088",Pakistan,3,0,15,0,5,9,2,0,0
41,"Mohammad Wasim","https://www.espncricinfo.com/cricketers/mohammad-wasim-1185538",Pakistan,2,0,19,0,10,5,1,1,0
41,"Haris Rauf","https://www.espncricinfo.com/cricketers/haris-rauf-1161606",Pakistan,4,0,21,1,5,11,2,0,0
41,"Shadab Khan","https://www.espncricinfo.com/cricketers/shadab-khan-922943",Pakistan,4,0,30,2,8,8,3,0,0
41,"Iftikhar Ahmed","https://www.espncricinfo.com/cricketers/iftikhar-ahmed-480603",Pakistan,3,0,15,1,5,9,2,0,0
41,"Taskin Ahmed","https://www.espncricinfo.com/cricketers/taskin-ahmed-538506",Bangladesh,3,0,26,0,9,10,1,2,1
41,"Nasum Ahmed","https://www.espncricinfo.com/cricketers/nasum-ahmed-348049",Bangladesh,4,0,14,1,4,13,0,0,0
41,"Shakib Al Hasan","https://www.espncricinfo.com/cricketers/shakib-al-hasan-56143",Bangladesh,4,0,35,1,9,6,5,0,0
41,"Mustafizur Rahman","https://www.espncricinfo.com/cricketers/mustafizur-rahman-330902",Bangladesh,4,0,21,1,5,8,0,0,0
41,"Ebadot Hossain","https://www.espncricinfo.com/cricketers/ebadot-hossain-932355",Bangladesh,3,0,25,1,8,7,1,1,1
42,"Richard Ngarava","https://www.espncricinfo.com/cricketers/richard-ngarava-806241",Zimbabwe,4,1,44,1,11,12,2,4,1
42,"Tendai Chatara","https://www.espncricinfo.com/cricketers/tendai-chatara-425639",Zimbabwe,4,0,34,0,9,5,3,1,0
42,"Blessing Muzarabani","https://www.espncricinfo.com/cricketers/blessing-muzarabani-827051",Zimbabwe,4,0,50,1,13,5,8,0,0
42,"Wellington Masakadza","https://www.espncricinfo.com/cricketers/wellington-masakadza-571703",Zimbabwe,2,0,12,0,6,5,1,0,0
42,"Ryan Burl","https://www.espncricinfo.com/cricketers/ryan-burl-495964",Zimbabwe,1,0,14,0,14,1,1,1,0
42,"Sikandar Raza","https://www.espncricinfo.com/cricketers/sikandar-raza-299572",Zimbabwe,3,0,18,1,6,5,0,1,0
42,"Sean Williams","https://www.espncricinfo.com/cricketers/sean-williams-55870",Zimbabwe,2,0,9,2,5,6,0,0,0
42,"Bhuvneshwar Kumar","https://www.espncricinfo.com/cricketers/bhuvneshwar-kumar-326016",India,3,1,11,1,4,14,1,0,0
42,"Arshdeep Singh","https://www.espncricinfo.com/cricketers/arshdeep-singh-1125976",India,2,0,9,1,5,9,1,0,0
42,"Mohammed Shami","https://www.espncricinfo.com/cricketers/mohammed-shami-481896",India,2,0,14,2,7,7,1,1,0
42,"Hardik Pandya","https://www.espncricinfo.com/cricketers/hardik-pandya-625371",India,3,0,16,2,5,10,1,0,1
42,"Ravichandran Ashwin","https://www.espncricinfo.com/cricketers/ravichandran-ashwin-26421",India,4,0,22,3,6,13,3,0,0
42,"Axar Patel","https://www.espncricinfo.com/cricketers/axar-patel-554691",India,3,0,40,1,12,4,5,1,0
"1st Semi-Final","Shaheen Shah Afridi","https://www.espncricinfo.com/cricketers/shaheen-shah-afridi-1072470",Pakistan,4,0,24,2,6,11,2,0,0
"1st Semi-Final","Naseem Shah","https://www.espncricinfo.com/cricketers/naseem-shah-1158088",Pakistan,4,0,30,0,8,8,3,0,0
"1st Semi-Final","Haris Rauf","https://www.espncricinfo.com/cricketers/haris-rauf-1161606",Pakistan,4,0,32,0,8,6,2,0,0
"1st Semi-Final","Mohammad Wasim","https://www.espncricinfo.com/cricketers/mohammad-wasim-1185538",Pakistan,2,0,15,0,8,3,0,1,0
"1st Semi-Final","Shadab Khan","https://www.espncricinfo.com/cricketers/shadab-khan-922943",Pakistan,4,0,33,0,8,7,3,1,0
"1st Semi-Final","Mohammad Nawaz","https://www.espncricinfo.com/cricketers/mohammad-nawaz-348148",Pakistan,2,0,12,1,6,2,0,0,0
"1st Semi-Final","Trent Boult","https://www.espncricinfo.com/cricketers/trent-boult-277912","New Zealand",4,0,33,2,8,9,5,0,0
"1st Semi-Final","Tim Southee","https://www.espncricinfo.com/cricketers/tim-southee-232364","New Zealand",3,0,24,0,8,7,3,0,0
"1st Semi-Final","Lockie Ferguson","https://www.espncricinfo.com/cricketers/lockie-ferguson-493773","New Zealand",4,0,37,0,9,7,4,1,0
"1st Semi-Final","Mitchell Santner","https://www.espncricinfo.com/cricketers/mitchell-santner-502714","New Zealand",4,0,26,1,7,6,1,0,0
"1st Semi-Final","Ish Sodhi","https://www.espncricinfo.com/cricketers/ish-sodhi-559066","New Zealand",4,0,26,0,7,4,1,0,0
"2nd Semi-Final","Ben Stokes","https://www.espncricinfo.com/cricketers/ben-stokes-311158",England,2,0,18,0,9,5,2,1,0
"2nd Semi-Final","Chris Woakes","https://www.espncricinfo.com/cricketers/chris-woakes-247235",England,3,0,24,1,8,5,1,1,0
"2nd Semi-Final","Sam Curran","https://www.espncricinfo.com/cricketers/sam-curran-662973",England,4,0,42,0,11,9,5,2,0
"2nd Semi-Final","Adil Rashid","https://www.espncricinfo.com/cricketers/adil-rashid-244497",England,4,0,20,1,5,8,1,0,0
"2nd Semi-Final","Liam Livingstone","https://www.espncricinfo.com/cricketers/liam-livingstone-403902",England,3,0,21,0,7,7,3,0,0
"2nd Semi-Final","Chris Jordan","https://www.espncricinfo.com/cricketers/chris-jordan-288992",England,4,0,43,3,11,8,3,3,0
"2nd Semi-Final","Bhuvneshwar Kumar","https://www.espncricinfo.com/cricketers/bhuvneshwar-kumar-326016",India,2,0,25,0,13,4,3,1,0
"2nd Semi-Final","Arshdeep Singh","https://www.espncricinfo.com/cricketers/arshdeep-singh-1125976",India,2,0,15,0,8,4,2,0,0
"2nd Semi-Final","Axar Patel","https://www.espncricinfo.com/cricketers/axar-patel-554691",India,4,0,30,0,8,10,2,2,0
"2nd Semi-Final","Mohammed Shami","https://www.espncricinfo.com/cricketers/mohammed-shami-481896",India,3,0,39,0,13,7,4,3,0
"2nd Semi-Final","Ravichandran Ashwin","https://www.espncricinfo.com/cricketers/ravichandran-ashwin-26421",India,2,0,27,0,14,1,1,2,0
"2nd Semi-Final","Hardik Pandya","https://www.espncricinfo.com/cricketers/hardik-pandya-625371",India,3,0,34,0,11,5,1,2,0
Final,"Ben Stokes","https://www.espncricinfo.com/cricketers/ben-stokes-311158",England,4,0,32,1,8,6,1,0,1
Final,"Chris Woakes","https://www.espncricinfo.com/cricketers/chris-woakes-247235",England,3,0,26,0,9,7,2,1,0
Final,"Sam Curran","https://www.espncricinfo.com/cricketers/sam-curran-662973",England,4,0,12,3,3,15,0,0,0
Final,"Adil Rashid","https://www.espncricinfo.com/cricketers/adil-rashid-244497",England,4,1,22,2,6,10,1,0,0
Final,"Chris Jordan","https://www.espncricinfo.com/cricketers/chris-jordan-288992",England,4,0,27,2,7,9,3,0,0
Final,"Liam Livingstone","https://www.espncricinfo.com/cricketers/liam-livingstone-403902",England,1,0,16,0,16,1,1,1,0
Final,"Shaheen Shah Afridi","https://www.espncricinfo.com/cricketers/shaheen-shah-afridi-1072470",Pakistan,2,0,13,1,6,6,1,0,0
Final,"Naseem Shah","https://www.espncricinfo.com/cricketers/naseem-shah-1158088",Pakistan,4,0,30,0,8,15,3,1,0
Final,"Haris Rauf","https://www.espncricinfo.com/cricketers/haris-rauf-1161606",Pakistan,4,0,23,2,6,13,3,0,0
Final,"Shadab Khan","https://www.espncricinfo.com/cricketers/shadab-khan-922943",Pakistan,4,0,20,1,5,10,1,0,0
Final,"Mohammad Wasim","https://www.espncricinfo.com/cricketers/mohammad-wasim-1185538",Pakistan,4,0,38,1,10,5,5,0,0
Final,"Iftikhar Ahmed","https://www.espncricinfo.com/cricketers/iftikhar-ahmed-480603",Pakistan,1,0,13,0,16,0,1,1,0
